// 'creed', 128x128px
const unsigned char epd_bitmap_creed [] PROGMEM = {
	0xff, 0xff, 0xff, 0xff, 0xff, 0xff, 0xff, 0xff, 0xff, 0xff, 0xff, 0xff, 0xff, 0xff, 0xff, 0xff, 
	0xff, 0xff, 0xff, 0xff, 0xff, 0xff, 0xff, 0xff, 0xff, 0xff, 0xff, 0xff, 0xff, 0xff, 0xff, 0xff, 
	0xff, 0xff, 0xff, 0xff, 0xff, 0xff, 0xff, 0xff, 0xff, 0xff, 0xff, 0xff, 0xff, 0xff, 0xff, 0xff, 
	0xff, 0xff, 0xff, 0xff, 0xff, 0xff, 0xff, 0xff, 0xff, 0xff, 0xff, 0xff, 0xff, 0xff, 0xff, 0xff, 
	0xff, 0xff, 0xff, 0xff, 0xff, 0xff, 0xff, 0xff, 0xff, 0xff, 0xff, 0xff, 0xff, 0xff, 0xff, 0xff, 
	0xff, 0xff, 0xff, 0xff, 0xff, 0xff, 0xff, 0xff, 0xff, 0xff, 0xff, 0xff, 0xff, 0xff, 0xff, 0xff, 
	0xff, 0xff, 0xff, 0xff, 0xff, 0xff, 0xff, 0xff, 0xff, 0xff, 0xff, 0xff, 0xff, 0xff, 0xff, 0xff, 
	0xff, 0xff, 0xff, 0xff, 0xff, 0xff, 0xff, 0xff, 0xff, 0xff, 0xff, 0xff, 0xff, 0xff, 0xff, 0xff, 
	0xff, 0xff, 0xff, 0xff, 0xff, 0xff, 0xff, 0xff, 0xff, 0xff, 0xff, 0xff, 0xff, 0xff, 0xff, 0xff, 
	0xff, 0xff, 0xff, 0xff, 0xff, 0xff, 0xff, 0xff, 0xff, 0xff, 0xff, 0xff, 0xff, 0xff, 0xff, 0xff, 
	0xff, 0xff, 0xff, 0xff, 0xff, 0xff, 0xff, 0xfc, 0x1f, 0xff, 0xff, 0xff, 0xff, 0xff, 0xff, 0xff, 
	0xff, 0xff, 0xff, 0xff, 0xff, 0xff, 0xf8, 0x00, 0x00, 0x7f, 0xff, 0xff, 0xff, 0xff, 0xff, 0xff, 
	0xff, 0xff, 0xff, 0xff, 0xff, 0xff, 0xc0, 0x00, 0x00, 0x0f, 0xff, 0xff, 0xff, 0xff, 0xff, 0xff, 
	0xff, 0xff, 0xff, 0xff, 0xff, 0xfe, 0x00, 0x00, 0x00, 0x03, 0xff, 0xff, 0xff, 0xff, 0xff, 0xff, 
	0xff, 0xff, 0xff, 0xff, 0xff, 0xf8, 0x00, 0x00, 0x7c, 0x00, 0xff, 0xff, 0xff, 0xff, 0xff, 0xff, 
	0xff, 0xff, 0xff, 0xff, 0xff, 0xe0, 0x00, 0x02, 0x7f, 0x00, 0x3f, 0xff, 0xff, 0xff, 0xff, 0xff, 
	0xff, 0xff, 0xff, 0xff, 0xff, 0x00, 0x13, 0xff, 0xff, 0x80, 0x0f, 0xff, 0xff, 0xff, 0xff, 0xff, 
	0xff, 0xff, 0xff, 0xff, 0xfe, 0x07, 0xff, 0xff, 0xff, 0xe0, 0x07, 0xff, 0xff, 0xff, 0xff, 0xff, 
	0xff, 0xff, 0xff, 0xff, 0xfc, 0x1f, 0xff, 0xff, 0xff, 0xfe, 0x03, 0xff, 0xff, 0xff, 0xff, 0xff, 
	0xff, 0xff, 0xff, 0xff, 0xf0, 0x3f, 0xff, 0xff, 0xff, 0xff, 0xc0, 0xff, 0xff, 0xff, 0xff, 0xff, 
	0xff, 0xff, 0xff, 0xff, 0xc0, 0xff, 0xff, 0xff, 0xff, 0xff, 0xf0, 0x7f, 0xff, 0xff, 0xff, 0xff, 
	0xff, 0xff, 0xff, 0xff, 0x83, 0xff, 0xff, 0xff, 0xff, 0xff, 0xf8, 0x1f, 0xff, 0xff, 0xff, 0xff, 
	0xff, 0xff, 0xff, 0xff, 0x0f, 0xff, 0xff, 0xff, 0xff, 0xff, 0xfe, 0x0f, 0xff, 0xff, 0xff, 0xff, 
	0xff, 0xff, 0xff, 0xfe, 0x1f, 0xff, 0xff, 0xff, 0xff, 0xff, 0xff, 0x07, 0xff, 0xff, 0xff, 0xff, 
	0xff, 0xff, 0xff, 0xfc, 0x3f, 0xff, 0xff, 0xff, 0xff, 0xff, 0xff, 0x83, 0xff, 0xff, 0xff, 0xff, 
	0xff, 0xff, 0xff, 0xf8, 0x7f, 0xff, 0xff, 0xff, 0xff, 0xff, 0xff, 0xe1, 0xff, 0xff, 0xff, 0xff, 
	0xff, 0xff, 0xff, 0xff, 0xff, 0xff, 0xff, 0xff, 0xff, 0xff, 0xff, 0xe0, 0xff, 0xff, 0xff, 0xff, 
	0xff, 0xff, 0xff, 0xff, 0xff, 0xff, 0xff, 0xff, 0xff, 0xff, 0xff, 0xf0, 0xff, 0xff, 0xff, 0xff, 
	0xff, 0xff, 0xff, 0xfb, 0xff, 0xff, 0xff, 0xff, 0xff, 0xff, 0xff, 0xf8, 0x7f, 0xff, 0xff, 0xff, 
	0xff, 0xff, 0xff, 0xf3, 0xff, 0xff, 0xff, 0xff, 0xff, 0xff, 0xff, 0xfc, 0x7f, 0xff, 0xff, 0xff, 
	0xff, 0xff, 0xff, 0xf7, 0xff, 0xff, 0xff, 0xff, 0xff, 0xff, 0xff, 0xff, 0x3f, 0xff, 0xff, 0xff, 
	0xff, 0xff, 0xff, 0xff, 0xff, 0xff, 0xff, 0xff, 0xff, 0xff, 0xff, 0xff, 0xff, 0xff, 0xff, 0xff, 
	0xff, 0xff, 0xff, 0xff, 0xff, 0xff, 0xff, 0xff, 0xff, 0xff, 0xff, 0xff, 0xff, 0xff, 0xff, 0xff, 
	0xff, 0xff, 0xff, 0xff, 0xff, 0xff, 0xff, 0xff, 0xff, 0xff, 0xff, 0xff, 0xff, 0xff, 0xff, 0xff, 
	0xff, 0xff, 0xff, 0xff, 0xff, 0xff, 0xff, 0xff, 0xff, 0xff, 0xff, 0xff, 0xff, 0xff, 0xff, 0xff, 
	0xff, 0xff, 0xfe, 0x7f, 0xff, 0xff, 0xff, 0xff, 0xff, 0xff, 0xff, 0xff, 0x67, 0xff, 0xff, 0xff, 
	0xff, 0xff, 0xfe, 0xff, 0xff, 0xff, 0xff, 0xff, 0xff, 0xff, 0xff, 0xff, 0x7f, 0xff, 0xff, 0xff, 
	0xff, 0xff, 0xfe, 0x7f, 0xff, 0xff, 0xff, 0xff, 0xff, 0xff, 0xff, 0xff, 0xff, 0xff, 0xff, 0xff, 
	0xff, 0xff, 0xfe, 0x7f, 0xff, 0xff, 0xff, 0xff, 0xff, 0xff, 0xff, 0xff, 0xff, 0xff, 0xff, 0xff, 
	0xff, 0xff, 0xfe, 0x7f, 0xff, 0xff, 0xff, 0xff, 0xff, 0xff, 0xff, 0xff, 0xff, 0xff, 0xff, 0xff, 
	0xff, 0xff, 0xfe, 0x7f, 0xff, 0xff, 0xff, 0xff, 0xff, 0xff, 0xff, 0xff, 0xfb, 0xff, 0xff, 0xff, 
	0xff, 0xff, 0xff, 0xff, 0xff, 0xff, 0xff, 0xff, 0xff, 0xff, 0xff, 0xff, 0xfb, 0xff, 0xff, 0xff, 
	0xff, 0xff, 0xff, 0xff, 0xff, 0xff, 0xff, 0xff, 0xff, 0xff, 0xff, 0xff, 0xfb, 0xff, 0xff, 0xff, 
	0xff, 0xff, 0xfe, 0x3f, 0xff, 0xff, 0xff, 0xff, 0xff, 0xff, 0xff, 0xff, 0xfb, 0xff, 0xff, 0xff, 
	0xff, 0xff, 0xfe, 0x7f, 0xff, 0x80, 0x0f, 0xff, 0xff, 0xff, 0xff, 0xff, 0xff, 0xff, 0xff, 0xff, 
	0xff, 0xff, 0xff, 0xff, 0xfc, 0x00, 0x03, 0xff, 0xff, 0xfc, 0x00, 0x7f, 0xff, 0xff, 0xff, 0xff, 
	0xff, 0xff, 0xff, 0xff, 0xfc, 0x00, 0x07, 0xff, 0xff, 0xf8, 0x00, 0x3f, 0xfb, 0xff, 0xff, 0xff, 
	0xff, 0xff, 0xff, 0xff, 0xf8, 0x7e, 0xff, 0xff, 0xff, 0xf0, 0xfc, 0x1f, 0xfb, 0xff, 0xff, 0xff, 
	0xff, 0xff, 0xff, 0xff, 0xf8, 0xff, 0xff, 0xff, 0xff, 0xf0, 0x7f, 0xef, 0xff, 0xff, 0xff, 0xff, 
	0xff, 0xff, 0xff, 0xff, 0xf9, 0xff, 0xff, 0xff, 0xff, 0xe0, 0x1f, 0xf7, 0xff, 0xff, 0xff, 0xff, 
	0xff, 0xff, 0xff, 0xff, 0xf9, 0xf0, 0x18, 0xff, 0xff, 0xc0, 0x1d, 0xff, 0xff, 0xff, 0xff, 0xff, 
	0xff, 0xff, 0xff, 0xff, 0xfb, 0xf0, 0x00, 0x0f, 0xff, 0x00, 0x00, 0x7f, 0xff, 0xff, 0xff, 0xff, 
	0xff, 0xff, 0xff, 0xbf, 0xf9, 0x80, 0x00, 0x01, 0xfe, 0x00, 0x00, 0x37, 0xfb, 0xff, 0xff, 0xff, 
	0xff, 0xff, 0xff, 0xff, 0xfc, 0x00, 0x00, 0x01, 0xfc, 0x00, 0xe0, 0x07, 0xff, 0xff, 0xff, 0xff, 
	0xff, 0xff, 0xff, 0xff, 0xff, 0x03, 0x98, 0x07, 0xfc, 0x03, 0x0c, 0x1f, 0xff, 0x7f, 0xff, 0xff, 
	0xff, 0xff, 0xfd, 0xff, 0xfe, 0x07, 0x04, 0x07, 0xfe, 0x06, 0x06, 0x7f, 0xfe, 0x3f, 0xff, 0xff, 
	0xff, 0xff, 0xfc, 0xff, 0xff, 0x06, 0x06, 0x1f, 0xfe, 0xc6, 0x06, 0x7f, 0xfc, 0xff, 0xff, 0xff, 
	0xff, 0xff, 0xfc, 0xff, 0xff, 0xce, 0x07, 0xff, 0xff, 0xfe, 0x06, 0x7f, 0xfd, 0xff, 0xff, 0xff, 
	0xff, 0xff, 0xfc, 0x7f, 0xff, 0xc7, 0x07, 0xff, 0xff, 0xff, 0x9d, 0xff, 0xf9, 0xff, 0xff, 0xff, 
	0xff, 0xff, 0xff, 0x7f, 0xff, 0xf0, 0x73, 0xff, 0xff, 0xff, 0x83, 0xff, 0xff, 0xff, 0xff, 0xff, 
	0xff, 0xff, 0xff, 0x7f, 0xff, 0xf8, 0x0f, 0xff, 0xff, 0xff, 0xff, 0xff, 0xff, 0xff, 0xff, 0xff, 
	0xff, 0xff, 0xff, 0xff, 0xff, 0xff, 0x7f, 0xff, 0xff, 0xff, 0xff, 0xff, 0xff, 0xff, 0xff, 0xff, 
	0xff, 0xff, 0xff, 0xdf, 0xff, 0xff, 0xff, 0xff, 0xff, 0xff, 0xff, 0xff, 0xff, 0xff, 0xff, 0xff, 
	0xff, 0xff, 0xff, 0x8f, 0xff, 0xff, 0xff, 0xff, 0xff, 0xff, 0xff, 0xff, 0xdf, 0xff, 0xff, 0xff, 
	0xff, 0xff, 0xff, 0x8f, 0xff, 0xff, 0xff, 0xff, 0xfe, 0xff, 0xff, 0xff, 0xb7, 0xff, 0xff, 0xff, 
	0xff, 0xff, 0xff, 0xdf, 0xff, 0xff, 0xff, 0xff, 0xfe, 0xff, 0xff, 0xff, 0xa7, 0xff, 0xff, 0xff, 
	0xff, 0xff, 0xff, 0xdf, 0xff, 0xff, 0xff, 0xff, 0xfe, 0x7f, 0xff, 0xff, 0x8f, 0xff, 0xff, 0xff, 
	0xff, 0xff, 0xff, 0xcf, 0xff, 0xff, 0xff, 0xfb, 0xfe, 0x3f, 0xff, 0xff, 0x8f, 0xff, 0xff, 0xff, 
	0xff, 0xff, 0xff, 0xeb, 0xff, 0xff, 0xff, 0xfb, 0xff, 0x3f, 0xff, 0xff, 0x07, 0xff, 0xff, 0xff, 
	0xff, 0xff, 0xff, 0xfb, 0xff, 0xff, 0xff, 0xff, 0xff, 0x7f, 0xff, 0xff, 0x0f, 0xff, 0xff, 0xff, 
	0xff, 0xff, 0xff, 0xf1, 0xff, 0xff, 0xff, 0xfd, 0xfe, 0x7f, 0xff, 0xff, 0x3f, 0xff, 0xff, 0xff, 
	0xff, 0xff, 0xff, 0xfd, 0xff, 0xff, 0xfe, 0x7d, 0xfc, 0x7f, 0xff, 0xff, 0x3f, 0xff, 0xff, 0xff, 
	0xff, 0xff, 0xff, 0xfc, 0xff, 0xff, 0xfd, 0x30, 0x20, 0x3f, 0xff, 0xff, 0x3f, 0xff, 0xff, 0xff, 
	0xff, 0xff, 0xff, 0xfe, 0x7f, 0xff, 0xf9, 0x80, 0x00, 0x07, 0xff, 0xfe, 0x3f, 0xff, 0xff, 0xff, 
	0xff, 0xff, 0xff, 0xfc, 0x7f, 0xff, 0xfb, 0xc0, 0x00, 0x47, 0xff, 0xfe, 0x07, 0xff, 0xff, 0xff, 
	0xff, 0xff, 0xff, 0xde, 0x3f, 0xbf, 0xf3, 0xfe, 0x00, 0xff, 0xff, 0xfe, 0x3f, 0xff, 0xff, 0xff, 
	0xff, 0xff, 0xff, 0xe0, 0x3f, 0xdf, 0xf7, 0xff, 0x87, 0xff, 0xff, 0xfe, 0x3f, 0xff, 0xff, 0xff, 
	0xff, 0xff, 0xff, 0xff, 0x3f, 0xef, 0xe7, 0xff, 0xff, 0xff, 0xff, 0xfe, 0x3f, 0xff, 0xff, 0xff, 
	0xff, 0xff, 0xff, 0xff, 0x1f, 0xe7, 0xef, 0xff, 0xff, 0xff, 0xff, 0xfe, 0x3f, 0xff, 0xff, 0xff, 
	0xff, 0xff, 0xff, 0xff, 0x9f, 0xe7, 0xff, 0xff, 0xff, 0xff, 0xff, 0x7e, 0x3f, 0xff, 0xff, 0xff, 
	0xff, 0xff, 0xff, 0xff, 0x9f, 0xf7, 0xff, 0xff, 0xff, 0xff, 0xfe, 0x3e, 0x3f, 0xff, 0xff, 0xff, 
	0xff, 0xff, 0xff, 0xff, 0x9f, 0xff, 0xff, 0xff, 0xff, 0xff, 0xfe, 0x7e, 0x3f, 0xff, 0xff, 0xff, 
	0xff, 0xff, 0xff, 0xff, 0xcf, 0xff, 0xff, 0xff, 0xff, 0xff, 0xfe, 0x7c, 0x7f, 0xff, 0xff, 0xff, 
	0xff, 0xff, 0xff, 0xff, 0xcf, 0xff, 0xff, 0xe0, 0x00, 0x7f, 0xfe, 0xfc, 0x7f, 0xff, 0xff, 0xff, 
	0xff, 0xff, 0xff, 0xff, 0xc7, 0xff, 0xff, 0x80, 0x00, 0x0f, 0xfe, 0xfc, 0x7f, 0xff, 0xff, 0xff, 
	0xff, 0xff, 0xff, 0xff, 0xe7, 0xff, 0xff, 0x00, 0x00, 0x03, 0xff, 0xf8, 0xff, 0xff, 0xff, 0xff, 
	0xff, 0xff, 0xff, 0xff, 0xe3, 0xff, 0xfe, 0x00, 0x00, 0x00, 0x7f, 0xf8, 0xff, 0xff, 0xff, 0xff, 
	0xff, 0xff, 0xff, 0xff, 0xe3, 0xff, 0xfe, 0x00, 0x00, 0xfe, 0x7f, 0xf8, 0xff, 0xff, 0xff, 0xff, 
	0xff, 0xff, 0xff, 0xff, 0xf1, 0xff, 0xff, 0xc0, 0x31, 0xf7, 0xff, 0xf1, 0xff, 0xff, 0xff, 0xff, 
	0xff, 0xff, 0xff, 0xff, 0xf0, 0xff, 0xff, 0xfe, 0x11, 0xe7, 0xff, 0xf1, 0xff, 0xff, 0xff, 0xff, 
	0xff, 0xff, 0xff, 0xff, 0xf0, 0xff, 0xff, 0xff, 0xff, 0xcf, 0xff, 0xf3, 0xff, 0xff, 0xff, 0xff, 
	0xff, 0xff, 0xff, 0xff, 0xf8, 0x7f, 0xff, 0xff, 0xfe, 0x1f, 0xff, 0xe7, 0xff, 0xff, 0xff, 0xff, 
	0xff, 0xff, 0xff, 0xff, 0xf8, 0x3f, 0xff, 0xc3, 0x00, 0x7f, 0xff, 0xe7, 0xff, 0xff, 0xff, 0xff, 
	0xff, 0xff, 0xff, 0xff, 0xfc, 0x1f, 0xff, 0xe0, 0x03, 0xff, 0xff, 0xcf, 0xff, 0xff, 0xff, 0xff, 
	0xff, 0xff, 0xff, 0xff, 0xfe, 0x0f, 0xff, 0xff, 0xff, 0xff, 0xff, 0x8f, 0xff, 0xff, 0xff, 0xff, 
	0xff, 0xff, 0xff, 0xff, 0xfe, 0x0f, 0xff, 0xff, 0xff, 0xff, 0xff, 0x1f, 0xff, 0xff, 0xff, 0xff, 
	0xff, 0xff, 0xff, 0xff, 0xff, 0x07, 0xff, 0xff, 0xff, 0xff, 0xfd, 0x3f, 0xff, 0xff, 0xff, 0xff, 
	0xff, 0xff, 0xff, 0xff, 0xff, 0x03, 0xff, 0xff, 0xff, 0xff, 0xf8, 0x3f, 0xff, 0xff, 0xff, 0xff, 
	0xff, 0xff, 0xff, 0xff, 0xff, 0x81, 0xff, 0xff, 0xff, 0xff, 0xf8, 0x7f, 0xff, 0xff, 0xff, 0xff, 
	0xff, 0xff, 0xff, 0xff, 0xff, 0xc0, 0x1f, 0xff, 0xff, 0xff, 0xf0, 0xff, 0xff, 0xff, 0xff, 0xff, 
	0xff, 0xff, 0xff, 0xff, 0xff, 0xf0, 0x0f, 0xff, 0xff, 0xff, 0xe1, 0xff, 0xff, 0xff, 0xff, 0xff, 
	0xff, 0xff, 0xff, 0xff, 0xff, 0xf8, 0x07, 0xff, 0xff, 0xff, 0xe3, 0xff, 0xff, 0xff, 0xff, 0xff, 
	0xff, 0xff, 0xff, 0xff, 0xff, 0xfe, 0x03, 0xff, 0xff, 0xff, 0xc7, 0xff, 0xff, 0xff, 0xff, 0xff, 
	0xff, 0xff, 0xff, 0xff, 0xff, 0xff, 0xc0, 0xff, 0xff, 0xfd, 0x8f, 0xff, 0xff, 0xff, 0xff, 0xff, 
	0xff, 0xff, 0xff, 0xff, 0xff, 0xff, 0xe0, 0x7f, 0xff, 0xf2, 0x1f, 0xff, 0xff, 0xff, 0xff, 0xff, 
	0xff, 0xff, 0xff, 0xff, 0xff, 0xff, 0xf8, 0x1f, 0xfe, 0x00, 0x7f, 0xff, 0xff, 0xff, 0xff, 0xff, 
	0xff, 0xff, 0xff, 0xff, 0xff, 0xff, 0xfc, 0x0f, 0xfc, 0x01, 0xff, 0xff, 0xff, 0xff, 0xff, 0xff, 
	0xff, 0xff, 0xff, 0xff, 0xff, 0xff, 0xfe, 0x00, 0xc0, 0x03, 0xff, 0xff, 0xff, 0xff, 0xff, 0xff, 
	0xff, 0xff, 0xff, 0xff, 0xff, 0xff, 0xff, 0x80, 0x00, 0x0f, 0xff, 0xff, 0xff, 0xff, 0xff, 0xff, 
	0xff, 0xff, 0xff, 0xff, 0xff, 0xff, 0xff, 0xe0, 0x00, 0x3f, 0xff, 0xff, 0xff, 0xff, 0xff, 0xff, 
	0xff, 0xff, 0xff, 0xff, 0xff, 0xff, 0xff, 0xfc, 0x00, 0xff, 0xff, 0xff, 0xff, 0xff, 0xff, 0xff, 
	0xff, 0xff, 0xff, 0xff, 0xff, 0xff, 0xff, 0xff, 0x87, 0xff, 0xff, 0xff, 0xff, 0xff, 0xff, 0xff, 
	0xff, 0xff, 0xff, 0xff, 0xff, 0xff, 0xff, 0xff, 0xff, 0xff, 0xff, 0xff, 0xff, 0xff, 0xff, 0xff, 
	0xff, 0xff, 0xff, 0xff, 0xff, 0xff, 0xff, 0xff, 0xff, 0xff, 0xff, 0xff, 0xff, 0xff, 0xff, 0xff, 
	0xff, 0xff, 0xff, 0xff, 0xff, 0xff, 0xff, 0xff, 0xff, 0xff, 0xff, 0xff, 0xff, 0xff, 0xff, 0xff, 
	0xff, 0xff, 0xff, 0xff, 0xff, 0xff, 0xff, 0xff, 0xff, 0xff, 0xff, 0xff, 0xff, 0xff, 0xff, 0xff, 
	0xff, 0xff, 0xff, 0xff, 0xff, 0xff, 0xff, 0xff, 0xff, 0xff, 0xff, 0xff, 0xff, 0xff, 0xff, 0xff, 
	0xff, 0xff, 0xff, 0xff, 0xff, 0xff, 0xff, 0xff, 0xff, 0xff, 0xff, 0xff, 0xff, 0xff, 0xff, 0xff, 
	0xff, 0xff, 0xff, 0xff, 0xff, 0xff, 0xff, 0xff, 0xff, 0xff, 0xff, 0xff, 0xff, 0xff, 0xff, 0xff, 
	0xff, 0xff, 0xff, 0xff, 0xff, 0xff, 0xff, 0xff, 0xff, 0xff, 0xff, 0xff, 0xff, 0xff, 0xff, 0xff, 
	0xff, 0xff, 0xff, 0xff, 0xff, 0xff, 0xff, 0xff, 0xff, 0xff, 0xff, 0xff, 0xff, 0xff, 0xff, 0xff, 
	0xff, 0xff, 0xff, 0xff, 0xff, 0xff, 0xff, 0xff, 0xff, 0xff, 0xff, 0xff, 0xff, 0xff, 0xff, 0xff, 
	0xff, 0xff, 0xff, 0xff, 0xff, 0xff, 0xff, 0xff, 0xff, 0xff, 0xff, 0xff, 0xff, 0xff, 0xff, 0xff, 
	0xff, 0xff, 0xff, 0xff, 0xff, 0xff, 0xff, 0xff, 0xff, 0xff, 0xff, 0xff, 0xff, 0xff, 0xff, 0xff, 
	0xff, 0xff, 0xff, 0xff, 0xff, 0xff, 0xff, 0xff, 0xff, 0xff, 0xff, 0xff, 0xff, 0xff, 0xff, 0xff, 
	0xff, 0xff, 0xff, 0xff, 0xff, 0xff, 0xff, 0xff, 0xff, 0xff, 0xff, 0xff, 0xff, 0xff, 0xff, 0xff, 
	0xff, 0xff, 0xff, 0xff, 0xff, 0xff, 0xff, 0xff, 0xff, 0xff, 0xff, 0xff, 0xff, 0xff, 0xff, 0xff, 
	0xff, 0xff, 0xff, 0xff, 0xff, 0xff, 0xff, 0xff, 0xff, 0xff, 0xff, 0xff, 0xff, 0xff, 0xff, 0xff
};
// 'dwight', 128x128px
const unsigned char epd_bitmap_dwight [] PROGMEM = {
	0xff, 0xff, 0xff, 0xff, 0xff, 0xff, 0xff, 0xff, 0xff, 0xff, 0xff, 0xff, 0xff, 0xff, 0xff, 0xff, 
	0xff, 0xff, 0xff, 0xff, 0xff, 0xff, 0xff, 0xff, 0xff, 0xff, 0xff, 0xff, 0xff, 0xff, 0xff, 0xff, 
	0xff, 0xff, 0xff, 0xff, 0xff, 0xff, 0xff, 0xff, 0xff, 0xff, 0xff, 0xff, 0xff, 0xff, 0xff, 0xff, 
	0xff, 0xff, 0xff, 0xff, 0xff, 0xff, 0xff, 0xff, 0xff, 0xff, 0xff, 0xff, 0xff, 0xff, 0xff, 0xff, 
	0xff, 0xff, 0xff, 0xff, 0xff, 0xff, 0xff, 0xff, 0xff, 0xff, 0xff, 0xff, 0xff, 0xff, 0xff, 0xff, 
	0xff, 0xff, 0xff, 0xff, 0xff, 0xff, 0xff, 0xff, 0xff, 0xff, 0xff, 0xff, 0xff, 0xff, 0xff, 0xff, 
	0xff, 0xff, 0xff, 0xff, 0xff, 0xff, 0xff, 0xff, 0xff, 0xff, 0xff, 0xff, 0xff, 0xff, 0xff, 0xff, 
	0xff, 0xff, 0xff, 0xff, 0xff, 0xff, 0xff, 0xff, 0xff, 0xff, 0xff, 0xff, 0xff, 0xff, 0xff, 0xff, 
	0xff, 0xff, 0xff, 0xff, 0xff, 0xff, 0xff, 0xff, 0xff, 0xff, 0xff, 0xff, 0xff, 0xff, 0xff, 0xff, 
	0xff, 0xff, 0xff, 0xff, 0xff, 0xff, 0xff, 0xff, 0xff, 0xff, 0xff, 0xff, 0xff, 0xff, 0xff, 0xff, 
	0xff, 0xff, 0xff, 0xff, 0xff, 0xff, 0xff, 0xff, 0xff, 0xff, 0xff, 0xff, 0xff, 0xff, 0xff, 0xff, 
	0xff, 0xff, 0xff, 0xff, 0xff, 0xff, 0xff, 0xff, 0xff, 0xff, 0xff, 0xff, 0xff, 0xff, 0xff, 0xff, 
	0xff, 0xff, 0xff, 0xff, 0xff, 0xff, 0xff, 0xff, 0xff, 0xff, 0xff, 0xff, 0xff, 0xff, 0xff, 0xff, 
	0xff, 0xff, 0xff, 0xff, 0xff, 0xff, 0xff, 0xff, 0xff, 0xff, 0xff, 0xff, 0xff, 0xff, 0xff, 0xff, 
	0xff, 0xff, 0xff, 0xff, 0xff, 0xff, 0xf8, 0x00, 0xff, 0xff, 0xff, 0xff, 0xff, 0xff, 0xff, 0xff, 
	0xff, 0xff, 0xff, 0xff, 0xff, 0xff, 0x00, 0x00, 0x7f, 0xff, 0xff, 0xff, 0xff, 0xff, 0xff, 0xff, 
	0xff, 0xff, 0xff, 0xff, 0xff, 0xf0, 0x00, 0x00, 0x20, 0x03, 0xff, 0xff, 0xff, 0xff, 0xff, 0xff, 
	0xff, 0xff, 0xff, 0xff, 0xff, 0x80, 0x00, 0x00, 0x00, 0x00, 0xff, 0xff, 0xff, 0xff, 0xff, 0xff, 
	0xff, 0xff, 0xff, 0xff, 0xfe, 0x00, 0x00, 0x00, 0x00, 0x00, 0x3f, 0xff, 0xff, 0xff, 0xff, 0xff, 
	0xff, 0xff, 0xff, 0xff, 0xf8, 0x00, 0x00, 0x00, 0x00, 0x00, 0x0f, 0xff, 0xff, 0xff, 0xff, 0xff, 
	0xff, 0xff, 0xff, 0xff, 0xf0, 0x00, 0x00, 0x00, 0x00, 0x00, 0x03, 0xff, 0xff, 0xff, 0xff, 0xff, 
	0xff, 0xff, 0xff, 0xff, 0xc0, 0x00, 0x00, 0x00, 0x00, 0x00, 0x00, 0xff, 0xff, 0xff, 0xff, 0xff, 
	0xff, 0xff, 0xff, 0xff, 0x80, 0x00, 0x00, 0x00, 0x00, 0x00, 0x00, 0x7f, 0xff, 0xff, 0xff, 0xff, 
	0xff, 0xff, 0xff, 0xff, 0x00, 0x00, 0x00, 0x00, 0x00, 0x00, 0x00, 0x1f, 0xff, 0xff, 0xff, 0xff, 
	0xff, 0xff, 0xff, 0xfe, 0x00, 0x00, 0x00, 0x00, 0x00, 0x00, 0x00, 0x0f, 0xff, 0xff, 0xff, 0xff, 
	0xff, 0xff, 0xff, 0xf8, 0x00, 0x00, 0x00, 0x00, 0x00, 0x00, 0x00, 0x07, 0xff, 0xff, 0xff, 0xff, 
	0xff, 0xff, 0xff, 0xf8, 0x00, 0x00, 0x00, 0x00, 0x00, 0x00, 0x00, 0x03, 0xff, 0xff, 0xff, 0xff, 
	0xff, 0xff, 0xff, 0xf0, 0x00, 0x00, 0x00, 0x00, 0x00, 0x00, 0x00, 0x01, 0xff, 0xff, 0xff, 0xff, 
	0xff, 0xff, 0xff, 0xe0, 0x00, 0x00, 0x00, 0x00, 0x00, 0x00, 0x00, 0x00, 0xff, 0xff, 0xff, 0xff, 
	0xff, 0xff, 0xff, 0xc0, 0x00, 0x00, 0x00, 0x03, 0xf8, 0x00, 0x00, 0x00, 0x7f, 0xff, 0xff, 0xff, 
	0xff, 0xff, 0xff, 0x80, 0x00, 0x00, 0x00, 0x0f, 0xff, 0xc0, 0x00, 0x00, 0x1f, 0xff, 0xff, 0xff, 
	0xff, 0xff, 0xff, 0x00, 0x00, 0x00, 0x00, 0x1f, 0xff, 0xfc, 0x00, 0x00, 0x0f, 0xff, 0xff, 0xff, 
	0xff, 0xff, 0xff, 0x00, 0x00, 0x00, 0x00, 0x3f, 0xff, 0xff, 0x80, 0x00, 0x0f, 0xff, 0xff, 0xff, 
	0xff, 0xff, 0xfe, 0x00, 0x00, 0x00, 0x00, 0x7f, 0xff, 0xff, 0xe0, 0x00, 0x07, 0xff, 0xff, 0xff, 
	0xff, 0xff, 0xfc, 0x00, 0x00, 0x00, 0x00, 0xff, 0xff, 0xff, 0xf0, 0x00, 0x03, 0xff, 0xff, 0xff, 
	0xff, 0xff, 0xfc, 0x00, 0x00, 0x00, 0x01, 0xff, 0xff, 0xff, 0xf8, 0x00, 0x03, 0xff, 0xff, 0xff, 
	0xff, 0xff, 0xf8, 0x00, 0x00, 0x00, 0x01, 0xff, 0xff, 0xff, 0xfe, 0x00, 0x01, 0xff, 0xff, 0xff, 
	0xff, 0xff, 0xf8, 0x00, 0x00, 0x00, 0x01, 0xff, 0xff, 0xff, 0xff, 0x00, 0x01, 0xff, 0xff, 0xff, 
	0xff, 0xff, 0xf0, 0x00, 0x00, 0x00, 0x01, 0xff, 0xff, 0xff, 0xff, 0x80, 0x01, 0xff, 0xff, 0xff, 
	0xff, 0xff, 0xf0, 0x00, 0x00, 0x00, 0x05, 0xff, 0xff, 0xff, 0xff, 0x80, 0x00, 0xff, 0xff, 0xff, 
	0xff, 0xff, 0xe0, 0x00, 0x00, 0x00, 0x07, 0xff, 0xff, 0xff, 0xff, 0xc0, 0x00, 0xff, 0xff, 0xff, 
	0xff, 0xff, 0xe0, 0x00, 0x00, 0x00, 0x07, 0xff, 0xff, 0xff, 0xff, 0xc0, 0x00, 0xff, 0xff, 0xff, 
	0xff, 0xff, 0xe0, 0x00, 0x00, 0x00, 0x07, 0xff, 0xff, 0xff, 0xff, 0xe0, 0x00, 0xff, 0xff, 0xff, 
	0xff, 0xff, 0xe0, 0x00, 0x00, 0x00, 0x03, 0xff, 0xff, 0xff, 0xff, 0xe0, 0x00, 0x7f, 0xff, 0xff, 
	0xff, 0xff, 0xe0, 0x00, 0x00, 0x02, 0x01, 0xff, 0xff, 0xff, 0xff, 0xe0, 0x00, 0x7f, 0xff, 0xff, 
	0xff, 0xff, 0xe0, 0x00, 0x00, 0x02, 0x01, 0xff, 0xff, 0xff, 0xff, 0xe0, 0x00, 0x7f, 0xff, 0xff, 
	0xff, 0xff, 0xe0, 0x00, 0x00, 0x03, 0x00, 0x7f, 0xff, 0xff, 0xff, 0xe0, 0x00, 0x7f, 0xff, 0xff, 
	0xff, 0xff, 0xe0, 0x00, 0x01, 0x03, 0x00, 0x3f, 0xff, 0xff, 0xff, 0xc0, 0x00, 0x7f, 0xff, 0xff, 
	0xff, 0xff, 0xe0, 0x00, 0x01, 0x03, 0xe0, 0x1f, 0xff, 0xff, 0xff, 0x80, 0x00, 0x7f, 0xff, 0xff, 
	0xff, 0xff, 0xe0, 0x00, 0x01, 0x03, 0xf0, 0x3f, 0xff, 0xff, 0xff, 0x01, 0x80, 0x3f, 0xff, 0xff, 
	0xff, 0xff, 0xf0, 0x00, 0x01, 0x03, 0xfb, 0x3f, 0xff, 0xff, 0xfe, 0x03, 0x80, 0x3f, 0xff, 0xff, 
	0xff, 0xff, 0xf0, 0x00, 0x01, 0x00, 0xff, 0xff, 0xff, 0xff, 0xfc, 0x03, 0x80, 0x3f, 0xff, 0xff, 
	0xff, 0xff, 0xf0, 0x00, 0x41, 0x80, 0x7f, 0xff, 0xff, 0xff, 0xfc, 0x07, 0x80, 0x3f, 0xff, 0xff, 
	0xff, 0xff, 0xf0, 0x00, 0x61, 0x00, 0x7f, 0xff, 0xff, 0xff, 0xff, 0x0f, 0x80, 0x3f, 0xff, 0xff, 
	0xff, 0xff, 0xf0, 0x00, 0x61, 0x70, 0xff, 0xff, 0xff, 0xff, 0xff, 0xcf, 0x80, 0x3f, 0xff, 0xff, 
	0xff, 0xff, 0xf0, 0x00, 0xff, 0xf8, 0xff, 0xff, 0xff, 0xff, 0xff, 0xbf, 0x80, 0x3f, 0xff, 0xff, 
	0xff, 0xff, 0xf0, 0x00, 0xff, 0xfd, 0xff, 0xff, 0xff, 0xff, 0xff, 0xff, 0xc0, 0x7f, 0xff, 0xff, 
	0xff, 0xff, 0xf0, 0x00, 0xff, 0xff, 0xff, 0xff, 0xff, 0xff, 0xff, 0xff, 0xc0, 0x7f, 0xff, 0xff, 
	0xff, 0xff, 0xe0, 0x00, 0xff, 0xff, 0xff, 0xff, 0xff, 0xff, 0xff, 0xff, 0xc0, 0xff, 0xff, 0xff, 
	0xff, 0xff, 0xe0, 0x00, 0xff, 0xff, 0xff, 0xff, 0xff, 0xff, 0xff, 0xff, 0xc0, 0xff, 0xff, 0xff, 
	0xff, 0xff, 0xe0, 0x00, 0x7f, 0x80, 0xff, 0xff, 0xff, 0xff, 0xff, 0x87, 0xc0, 0xff, 0xff, 0xff, 
	0xff, 0xff, 0xe0, 0x06, 0x3e, 0x07, 0xff, 0xff, 0xff, 0xff, 0xf8, 0x03, 0xc0, 0xff, 0xff, 0xff, 
	0xff, 0xff, 0xe0, 0x07, 0x18, 0x1c, 0x00, 0x00, 0x00, 0x00, 0x1f, 0xf9, 0xc0, 0xff, 0xff, 0xff, 
	0xff, 0xff, 0xe9, 0xc7, 0xc0, 0x3c, 0x00, 0x00, 0x78, 0x00, 0x00, 0x38, 0xc0, 0xff, 0xff, 0xff, 
	0xff, 0xff, 0xf9, 0xc7, 0xe0, 0x7c, 0x00, 0x01, 0x7e, 0x00, 0x00, 0x00, 0x40, 0xff, 0xff, 0xff, 
	0xff, 0xff, 0xfd, 0xc7, 0xf3, 0xf0, 0x00, 0x01, 0xf0, 0x00, 0x00, 0x00, 0x41, 0xff, 0xff, 0xff, 
	0xff, 0xff, 0xf5, 0x87, 0xff, 0xc3, 0x00, 0x01, 0x88, 0x00, 0x02, 0x01, 0xc7, 0xff, 0xff, 0xff, 
	0xff, 0xff, 0xf5, 0x87, 0xfe, 0x07, 0x07, 0x00, 0xbf, 0x01, 0x03, 0x03, 0xff, 0xff, 0xff, 0xff, 
	0xff, 0xff, 0xff, 0x87, 0xff, 0xe7, 0x87, 0x4c, 0xff, 0x03, 0x87, 0x8f, 0xff, 0xff, 0xff, 0xff, 
	0xff, 0xff, 0xfe, 0x83, 0xff, 0xff, 0xff, 0xf9, 0x7f, 0x1f, 0xff, 0xff, 0xcf, 0xff, 0xff, 0xff, 
	0xff, 0xff, 0xfe, 0x03, 0xfe, 0xff, 0xff, 0xf1, 0x7f, 0x1f, 0xff, 0xff, 0xcf, 0xff, 0xff, 0xff, 
	0xff, 0xff, 0xfe, 0x43, 0xfe, 0xff, 0xff, 0xfa, 0xff, 0x1f, 0xff, 0xff, 0xcf, 0xff, 0xff, 0xff, 
	0xff, 0xff, 0xff, 0x43, 0xff, 0x7f, 0xff, 0xfd, 0xff, 0x1f, 0xff, 0xff, 0x8f, 0xff, 0xff, 0xff, 
	0xff, 0xff, 0xff, 0x07, 0xff, 0x7f, 0xff, 0xfb, 0xff, 0xaf, 0xff, 0xff, 0x4f, 0xff, 0xff, 0xff, 
	0xff, 0xff, 0xfe, 0x87, 0xff, 0xff, 0xff, 0xf3, 0xff, 0xf7, 0xff, 0xfe, 0xcf, 0xff, 0xff, 0xff, 
	0xff, 0xff, 0xfe, 0x87, 0xff, 0xff, 0xff, 0xcf, 0xff, 0xfb, 0xff, 0xfd, 0xdf, 0xff, 0xff, 0xff, 
	0xff, 0xff, 0xff, 0x07, 0xff, 0xff, 0xfe, 0x6f, 0xff, 0xfd, 0xff, 0xff, 0xdf, 0xff, 0xff, 0xff, 
	0xff, 0xff, 0xff, 0x03, 0xff, 0xff, 0xff, 0xff, 0xff, 0xff, 0x83, 0x3f, 0xdf, 0xff, 0xff, 0xff, 
	0xff, 0xff, 0xff, 0x83, 0xff, 0xff, 0xff, 0xff, 0xff, 0xdf, 0xff, 0xff, 0xdf, 0xff, 0xff, 0xff, 
	0xff, 0xff, 0xff, 0x83, 0xff, 0xff, 0xff, 0xff, 0xff, 0xdf, 0xff, 0xff, 0x1f, 0xff, 0xff, 0xff, 
	0xff, 0xff, 0xff, 0xc1, 0xff, 0xff, 0xff, 0x7f, 0xff, 0xdf, 0xff, 0xff, 0x1f, 0xff, 0xff, 0xff, 
	0xff, 0xff, 0xff, 0xc1, 0xff, 0xff, 0xff, 0x7f, 0xff, 0xff, 0xff, 0xff, 0x1f, 0xff, 0xff, 0xff, 
	0xff, 0xff, 0xff, 0xe1, 0xff, 0xff, 0xfe, 0xf1, 0xff, 0xcf, 0xff, 0xff, 0x1f, 0xff, 0xff, 0xff, 
	0xff, 0xff, 0xff, 0xf0, 0xff, 0xff, 0xfd, 0xd8, 0x62, 0x1f, 0xff, 0xff, 0x3f, 0xff, 0xff, 0xff, 
	0xff, 0xff, 0xff, 0xf8, 0xff, 0xff, 0xff, 0xef, 0x80, 0x3f, 0xff, 0xfe, 0x3f, 0xff, 0xff, 0xff, 
	0xff, 0xff, 0xff, 0xff, 0xff, 0xff, 0xff, 0xff, 0xf0, 0xff, 0xff, 0xfe, 0x7f, 0xff, 0xff, 0xff, 
	0xff, 0xff, 0xff, 0xfd, 0xff, 0xff, 0xff, 0xff, 0xff, 0xff, 0xff, 0xfe, 0x7f, 0xff, 0xff, 0xff, 
	0xff, 0xff, 0xff, 0xfd, 0xff, 0xff, 0xff, 0xff, 0xff, 0xff, 0xff, 0xfe, 0x7f, 0xff, 0xff, 0xff, 
	0xff, 0xff, 0xff, 0xfd, 0xff, 0xff, 0xff, 0xff, 0xff, 0xff, 0xff, 0xfe, 0x7f, 0xff, 0xff, 0xff, 
	0xff, 0xff, 0xff, 0xfc, 0xff, 0xff, 0xff, 0xff, 0xff, 0xff, 0xff, 0xfc, 0x7f, 0xff, 0xff, 0xff, 
	0xff, 0xff, 0xff, 0xfe, 0xff, 0xff, 0xff, 0xff, 0xff, 0xff, 0xfe, 0xfc, 0xff, 0xff, 0xff, 0xff, 
	0xff, 0xff, 0xff, 0xfe, 0xff, 0xff, 0xff, 0xf8, 0x61, 0xff, 0xfe, 0xfc, 0xff, 0xff, 0xff, 0xff, 
	0xff, 0xff, 0xff, 0xfe, 0xff, 0xff, 0xff, 0xc0, 0x00, 0x3f, 0xfd, 0xf9, 0xff, 0xff, 0xff, 0xff, 
	0xff, 0xff, 0xff, 0xfe, 0x7f, 0xff, 0xfe, 0x1f, 0xf0, 0x07, 0xfd, 0xf9, 0xff, 0xff, 0xff, 0xff, 
	0xff, 0xff, 0xff, 0xff, 0x7f, 0xff, 0xff, 0xff, 0xff, 0xf1, 0xfb, 0xf3, 0xff, 0xff, 0xff, 0xff, 
	0xff, 0xff, 0xff, 0xff, 0xbf, 0xff, 0xff, 0x7f, 0xff, 0xff, 0xf3, 0xf3, 0xff, 0xff, 0xff, 0xff, 
	0xff, 0xff, 0xff, 0xff, 0x9f, 0xff, 0xff, 0xc3, 0xff, 0xff, 0xf7, 0xe7, 0xff, 0xff, 0xff, 0xff, 
	0xff, 0xff, 0xff, 0xff, 0xdf, 0xff, 0xff, 0xf0, 0x00, 0xff, 0xff, 0xef, 0xff, 0xff, 0xff, 0xff, 
	0xff, 0xff, 0xff, 0xff, 0xef, 0xff, 0xff, 0xf9, 0xf1, 0xff, 0xff, 0xcf, 0xff, 0xff, 0xff, 0xff, 
	0xff, 0xff, 0xff, 0xff, 0xe7, 0xff, 0xff, 0xef, 0xfe, 0xff, 0xff, 0x9f, 0xff, 0xff, 0xff, 0xff, 
	0xff, 0xff, 0xff, 0xff, 0xf3, 0xff, 0xff, 0xff, 0xff, 0xff, 0xff, 0x3f, 0xff, 0xff, 0xff, 0xff, 
	0xff, 0xff, 0xff, 0xff, 0xf9, 0xff, 0xff, 0xff, 0xff, 0xff, 0xfe, 0x3f, 0xff, 0xff, 0xff, 0xff, 
	0xff, 0xff, 0xff, 0xff, 0xfe, 0x7f, 0xff, 0xff, 0xff, 0xff, 0xfc, 0x7f, 0xff, 0xff, 0xff, 0xff, 
	0xff, 0xff, 0xff, 0xff, 0xff, 0x1f, 0xff, 0xff, 0xff, 0xff, 0xf8, 0xff, 0xff, 0xff, 0xff, 0xff, 
	0xff, 0xff, 0xff, 0xff, 0xff, 0xcf, 0xff, 0xff, 0xff, 0xff, 0xf1, 0xff, 0xff, 0xff, 0xff, 0xff, 
	0xff, 0xff, 0xff, 0xff, 0xff, 0xf3, 0xff, 0xff, 0xff, 0xff, 0xc3, 0xff, 0xff, 0xff, 0xff, 0xff, 
	0xff, 0xff, 0xff, 0xff, 0xff, 0xfc, 0xff, 0xff, 0xff, 0xfe, 0x0f, 0xff, 0xff, 0xff, 0xff, 0xff, 
	0xff, 0xff, 0xff, 0xff, 0xff, 0xff, 0x1f, 0xff, 0xff, 0xf8, 0x3f, 0xff, 0xff, 0xff, 0xff, 0xff, 
	0xff, 0xff, 0xff, 0xff, 0xff, 0xff, 0xc1, 0xff, 0xff, 0xf0, 0xff, 0xff, 0xff, 0xff, 0xff, 0xff, 
	0xff, 0xff, 0xff, 0xff, 0xff, 0xff, 0xfc, 0x01, 0xf0, 0x03, 0xff, 0xff, 0xff, 0xff, 0xff, 0xff, 
	0xff, 0xff, 0xff, 0xff, 0xff, 0xff, 0xff, 0x80, 0x00, 0x1f, 0xff, 0xff, 0xff, 0xff, 0xff, 0xff, 
	0xff, 0xff, 0xff, 0xff, 0xff, 0xff, 0xff, 0xfc, 0x01, 0xff, 0xff, 0xff, 0xff, 0xff, 0xff, 0xff, 
	0xff, 0xff, 0xff, 0xff, 0xff, 0xff, 0xff, 0xff, 0xff, 0xff, 0xff, 0xff, 0xff, 0xff, 0xff, 0xff, 
	0xff, 0xff, 0xff, 0xff, 0xff, 0xff, 0xff, 0xff, 0xff, 0xff, 0xff, 0xff, 0xff, 0xff, 0xff, 0xff, 
	0xff, 0xff, 0xff, 0xff, 0xff, 0xff, 0xff, 0xff, 0xff, 0xff, 0xff, 0xff, 0xff, 0xff, 0xff, 0xff, 
	0xff, 0xff, 0xff, 0xff, 0xff, 0xff, 0xff, 0xff, 0xff, 0xff, 0xff, 0xff, 0xff, 0xff, 0xff, 0xff, 
	0xff, 0xff, 0xff, 0xff, 0xff, 0xff, 0xff, 0xff, 0xff, 0xff, 0xff, 0xff, 0xff, 0xff, 0xff, 0xff, 
	0xff, 0xff, 0xff, 0xff, 0xff, 0xff, 0xff, 0xff, 0xff, 0xff, 0xff, 0xff, 0xff, 0xff, 0xff, 0xff, 
	0xff, 0xff, 0xff, 0xff, 0xff, 0xff, 0xff, 0xff, 0xff, 0xff, 0xff, 0xff, 0xff, 0xff, 0xff, 0xff, 
	0xff, 0xff, 0xff, 0xff, 0xff, 0xff, 0xff, 0xff, 0xff, 0xff, 0xff, 0xff, 0xff, 0xff, 0xff, 0xff, 
	0xff, 0xff, 0xff, 0xff, 0xff, 0xff, 0xff, 0xff, 0xff, 0xff, 0xff, 0xff, 0xff, 0xff, 0xff, 0xff, 
	0xff, 0xff, 0xff, 0xff, 0xff, 0xff, 0xff, 0xff, 0xff, 0xff, 0xff, 0xff, 0xff, 0xff, 0xff, 0xff, 
	0xff, 0xff, 0xff, 0xff, 0xff, 0xff, 0xff, 0xff, 0xff, 0xff, 0xff, 0xff, 0xff, 0xff, 0xff, 0xff, 
	0xff, 0xff, 0xff, 0xff, 0xff, 0xff, 0xff, 0xff, 0xff, 0xff, 0xff, 0xff, 0xff, 0xff, 0xff, 0xff, 
	0xff, 0xff, 0xff, 0xff, 0xff, 0xff, 0xff, 0xff, 0xff, 0xff, 0xff, 0xff, 0xff, 0xff, 0xff, 0xff, 
	0xff, 0xff, 0xff, 0xff, 0xff, 0xff, 0xff, 0xff, 0xff, 0xff, 0xff, 0xff, 0xff, 0xff, 0xff, 0xff, 
	0xff, 0xff, 0xff, 0xff, 0xff, 0xff, 0xff, 0xff, 0xff, 0xff, 0xff, 0xff, 0xff, 0xff, 0xff, 0xff, 
	0xff, 0xff, 0xff, 0xff, 0xff, 0xff, 0xff, 0xff, 0xff, 0xff, 0xff, 0xff, 0xff, 0xff, 0xff, 0xff
};
// 'kelly', 128x128px
const unsigned char epd_bitmap_kelly [] PROGMEM = {
	0xff, 0xff, 0xff, 0xff, 0xff, 0xff, 0xff, 0xff, 0xff, 0xff, 0xff, 0xff, 0xff, 0xff, 0xff, 0xff, 
	0xff, 0xff, 0xff, 0xff, 0xff, 0xff, 0xff, 0xff, 0xff, 0xff, 0xff, 0xff, 0xff, 0xff, 0xff, 0xff, 
	0xff, 0xff, 0xff, 0xff, 0xff, 0xff, 0xff, 0xff, 0xff, 0xff, 0xff, 0xff, 0xff, 0xff, 0xff, 0xff, 
	0xff, 0xff, 0xff, 0xff, 0xff, 0xff, 0xff, 0xff, 0xff, 0xff, 0xff, 0xff, 0xff, 0xff, 0xff, 0xff, 
	0xff, 0xff, 0xff, 0xff, 0xff, 0xff, 0xff, 0xff, 0xff, 0xff, 0xff, 0xff, 0xff, 0xff, 0xff, 0xff, 
	0xff, 0xff, 0xff, 0xff, 0xff, 0xff, 0xff, 0xff, 0xff, 0xff, 0xff, 0xff, 0xff, 0xff, 0xff, 0xff, 
	0xff, 0xff, 0xff, 0xff, 0xff, 0xff, 0xff, 0xff, 0xff, 0xff, 0xff, 0xff, 0xff, 0xff, 0xff, 0xff, 
	0xff, 0xff, 0xff, 0xff, 0xff, 0xff, 0xff, 0xff, 0xff, 0xff, 0xff, 0xff, 0xff, 0xff, 0xff, 0xff, 
	0xff, 0xff, 0xff, 0xff, 0xff, 0xff, 0xff, 0xff, 0xff, 0xff, 0xff, 0xff, 0xff, 0xff, 0xff, 0xff, 
	0xff, 0xff, 0xff, 0xff, 0xff, 0xff, 0xff, 0xff, 0xff, 0xff, 0xff, 0xff, 0xff, 0xff, 0xff, 0xff, 
	0xff, 0xff, 0xff, 0xff, 0xff, 0xff, 0xff, 0xff, 0xff, 0xff, 0xff, 0xff, 0xff, 0xff, 0xff, 0xff, 
	0xff, 0xff, 0xff, 0xff, 0xff, 0xff, 0xff, 0xff, 0xff, 0xff, 0xff, 0xff, 0xff, 0xff, 0xff, 0xff, 
	0xff, 0xff, 0xff, 0xff, 0xff, 0xff, 0xff, 0xff, 0xff, 0xff, 0xff, 0xff, 0xff, 0xff, 0xff, 0xff, 
	0xff, 0xff, 0xff, 0xff, 0xff, 0xff, 0xff, 0x00, 0x05, 0xff, 0xff, 0xff, 0xff, 0xff, 0xff, 0xff, 
	0xff, 0xff, 0xff, 0xff, 0xff, 0xff, 0xf8, 0x00, 0x00, 0x37, 0xff, 0xff, 0xff, 0xff, 0xff, 0xff, 
	0xff, 0xff, 0xff, 0xff, 0xff, 0xff, 0xc0, 0x00, 0x00, 0x00, 0x7f, 0xff, 0xff, 0xff, 0xff, 0xff, 
	0xff, 0xff, 0xff, 0xff, 0xff, 0xfe, 0x00, 0x00, 0x00, 0x00, 0x1f, 0xff, 0xff, 0xff, 0xff, 0xff, 
	0xff, 0xff, 0xff, 0xff, 0xff, 0xfc, 0x00, 0x00, 0x00, 0x00, 0x03, 0xff, 0xff, 0xff, 0xff, 0xff, 
	0xff, 0xff, 0xff, 0xff, 0xff, 0xf0, 0x00, 0x00, 0x00, 0x00, 0x01, 0xff, 0xff, 0xff, 0xff, 0xff, 
	0xff, 0xff, 0xff, 0xff, 0xff, 0xe0, 0x00, 0x00, 0x00, 0x00, 0x00, 0xff, 0xff, 0xff, 0xff, 0xff, 
	0xff, 0xff, 0xff, 0xff, 0xff, 0xc0, 0x00, 0x00, 0x00, 0x00, 0x00, 0xff, 0xff, 0xff, 0xff, 0xff, 
	0xff, 0xff, 0xff, 0xff, 0xff, 0x00, 0x00, 0x00, 0x00, 0x00, 0x00, 0x7f, 0xff, 0xff, 0xff, 0xff, 
	0xff, 0xff, 0xff, 0xff, 0xfe, 0x00, 0x00, 0x00, 0x00, 0x00, 0x00, 0x7f, 0xff, 0xff, 0xff, 0xff, 
	0xff, 0xff, 0xff, 0xff, 0xfc, 0x00, 0x00, 0x00, 0x00, 0x00, 0x00, 0x3f, 0xff, 0xff, 0xff, 0xff, 
	0xff, 0xff, 0xff, 0xff, 0xf0, 0x00, 0x00, 0x00, 0x00, 0x00, 0x00, 0x1f, 0xff, 0xff, 0xff, 0xff, 
	0xff, 0xff, 0xff, 0xff, 0xe0, 0x00, 0x00, 0x00, 0x00, 0x00, 0x00, 0x1f, 0xff, 0xff, 0xff, 0xff, 
	0xff, 0xff, 0xff, 0xff, 0xc0, 0x00, 0x00, 0x00, 0x00, 0x00, 0x00, 0x0f, 0xff, 0xff, 0xff, 0xff, 
	0xff, 0xff, 0xff, 0xff, 0x80, 0x00, 0x00, 0x00, 0x00, 0x00, 0x00, 0x07, 0xff, 0xff, 0xff, 0xff, 
	0xff, 0xff, 0xff, 0xff, 0x00, 0x00, 0x00, 0x00, 0x00, 0x00, 0x00, 0x07, 0xff, 0xff, 0xff, 0xff, 
	0xff, 0xff, 0xff, 0xfe, 0x00, 0x00, 0x00, 0x00, 0x00, 0x00, 0x00, 0x03, 0xff, 0xff, 0xff, 0xff, 
	0xff, 0xff, 0xff, 0xfe, 0x00, 0x00, 0x00, 0x00, 0x00, 0x00, 0x00, 0x03, 0xff, 0xff, 0xff, 0xff, 
	0xff, 0xff, 0xff, 0xfc, 0x00, 0x00, 0x00, 0x00, 0x00, 0x00, 0x00, 0x01, 0xff, 0xff, 0xff, 0xff, 
	0xff, 0xff, 0xff, 0xf8, 0x00, 0x00, 0x00, 0x00, 0x00, 0x00, 0x00, 0x01, 0xff, 0xff, 0xff, 0xff, 
	0xff, 0xff, 0xff, 0xf0, 0x00, 0x00, 0x00, 0x00, 0x00, 0x00, 0x00, 0x01, 0xff, 0xff, 0xff, 0xff, 
	0xff, 0xff, 0xff, 0xf0, 0x00, 0x00, 0x00, 0x00, 0x00, 0x00, 0x00, 0x00, 0xff, 0xff, 0xff, 0xff, 
	0xff, 0xff, 0xff, 0xe0, 0x00, 0x00, 0x00, 0x00, 0x00, 0x00, 0x00, 0x00, 0xff, 0xff, 0xff, 0xff, 
	0xff, 0xff, 0xff, 0xe0, 0x00, 0x00, 0x00, 0x00, 0x00, 0x00, 0x00, 0x00, 0xff, 0xff, 0xff, 0xff, 
	0xff, 0xff, 0xff, 0xc0, 0x00, 0x00, 0x00, 0x00, 0x00, 0x0c, 0x00, 0x00, 0x7f, 0xff, 0xff, 0xff, 
	0xff, 0xff, 0xff, 0xc0, 0x00, 0x00, 0x00, 0x00, 0x00, 0x0c, 0x00, 0x00, 0x7f, 0xff, 0xff, 0xff, 
	0xff, 0xff, 0xff, 0x80, 0x00, 0x00, 0x00, 0x00, 0x00, 0x04, 0x00, 0x00, 0x7f, 0xff, 0xff, 0xff, 
	0xff, 0xff, 0xff, 0x80, 0x00, 0x00, 0x00, 0x00, 0x00, 0x0c, 0x00, 0x00, 0x3f, 0xff, 0xff, 0xff, 
	0xff, 0xff, 0xff, 0x00, 0x00, 0x00, 0x00, 0x00, 0x00, 0x3e, 0x00, 0x00, 0x3f, 0xff, 0xff, 0xff, 
	0xff, 0xff, 0xff, 0x00, 0x00, 0x00, 0x00, 0x07, 0xe7, 0xff, 0x00, 0x00, 0x3f, 0xff, 0xff, 0xff, 
	0xff, 0xff, 0xfe, 0x00, 0x00, 0x00, 0x03, 0xff, 0xff, 0xff, 0x00, 0x00, 0x1f, 0xff, 0xff, 0xff, 
	0xff, 0xff, 0xfe, 0x00, 0x00, 0x00, 0xff, 0xff, 0xff, 0xff, 0x80, 0x00, 0x1f, 0xff, 0xff, 0xff, 
	0xff, 0xff, 0xfe, 0x00, 0x00, 0x07, 0xff, 0xff, 0xff, 0xff, 0xc0, 0x00, 0x1f, 0xff, 0xff, 0xff, 
	0xff, 0xff, 0xfc, 0x00, 0x00, 0x0f, 0xff, 0xff, 0xff, 0xff, 0xc0, 0x00, 0x1f, 0xff, 0xff, 0xff, 
	0xff, 0xff, 0xfc, 0x00, 0x00, 0x3f, 0xff, 0xff, 0xff, 0xff, 0xe0, 0x00, 0x0f, 0xff, 0xff, 0xff, 
	0xff, 0xff, 0xfc, 0x00, 0x00, 0x7f, 0xff, 0xff, 0xff, 0xff, 0xe0, 0x00, 0x0f, 0xff, 0xff, 0xff, 
	0xff, 0xff, 0xfc, 0x00, 0x01, 0xff, 0xff, 0xff, 0xff, 0xff, 0xe0, 0x00, 0x0f, 0xff, 0xff, 0xff, 
	0xff, 0xff, 0xf8, 0x00, 0x03, 0xff, 0xff, 0xff, 0xff, 0xff, 0xf0, 0x00, 0x07, 0xff, 0xff, 0xff, 
	0xff, 0xff, 0xf8, 0x00, 0x0f, 0xff, 0xff, 0xff, 0xff, 0xff, 0xf8, 0x00, 0x07, 0xff, 0xff, 0xff, 
	0xff, 0xff, 0xf8, 0x00, 0x1f, 0xff, 0xff, 0xff, 0xff, 0xff, 0xfc, 0x00, 0x07, 0xff, 0xff, 0xff, 
	0xff, 0xff, 0xf8, 0x00, 0x3f, 0xff, 0xff, 0xff, 0xff, 0xff, 0xfe, 0x00, 0x07, 0xff, 0xff, 0xff, 
	0xff, 0xff, 0xf0, 0x00, 0x7f, 0xff, 0xff, 0xff, 0xff, 0xff, 0xff, 0x00, 0x03, 0xff, 0xff, 0xff, 
	0xff, 0xff, 0xf0, 0x00, 0xff, 0xff, 0xff, 0xff, 0xff, 0xff, 0xff, 0x00, 0x03, 0xff, 0xff, 0xff, 
	0xff, 0xff, 0xf0, 0x03, 0xff, 0xff, 0xff, 0xff, 0xff, 0xff, 0xff, 0x00, 0x03, 0xff, 0xff, 0xff, 
	0xff, 0xff, 0xf0, 0x27, 0xff, 0xff, 0xff, 0xff, 0xff, 0xff, 0xff, 0x00, 0x03, 0xff, 0xff, 0xff, 
	0xff, 0xff, 0xf0, 0x3f, 0xff, 0xff, 0xff, 0xff, 0xff, 0xff, 0xff, 0x00, 0x01, 0xff, 0xff, 0xff, 
	0xff, 0xff, 0xf0, 0x03, 0xff, 0xff, 0xff, 0xff, 0xff, 0xc0, 0x1f, 0x00, 0x01, 0xff, 0xff, 0xff, 
	0xff, 0xff, 0xe0, 0x03, 0xe0, 0x3f, 0xff, 0xff, 0xfc, 0x00, 0x0f, 0x00, 0x01, 0xff, 0xff, 0xff, 
	0xff, 0xff, 0xe0, 0x07, 0xc0, 0x07, 0xff, 0xff, 0xf0, 0x3f, 0xff, 0x80, 0x01, 0xff, 0xff, 0xff, 
	0xff, 0xff, 0xe0, 0x07, 0x9f, 0xe0, 0x7f, 0xff, 0x81, 0xff, 0xff, 0x80, 0x01, 0xff, 0xff, 0xff, 
	0xff, 0xff, 0xe0, 0x07, 0xff, 0x80, 0x1f, 0xff, 0x00, 0x33, 0xff, 0x80, 0x01, 0xff, 0xff, 0xff, 
	0xff, 0xff, 0xe0, 0x03, 0xfc, 0x00, 0x03, 0xfc, 0x20, 0x06, 0x7f, 0x80, 0x00, 0xff, 0xff, 0xff, 
	0xff, 0xff, 0xe0, 0x03, 0xf8, 0x60, 0x01, 0xfc, 0xc4, 0x11, 0xff, 0x80, 0x00, 0xff, 0xff, 0xff, 
	0xff, 0xff, 0xe0, 0x03, 0xf8, 0xe0, 0xa1, 0xff, 0xec, 0x18, 0xff, 0x80, 0x00, 0xff, 0xff, 0xff, 
	0xff, 0xff, 0xe0, 0x03, 0xf0, 0x61, 0xd9, 0xff, 0xc6, 0x13, 0xff, 0x80, 0x00, 0x7f, 0xff, 0xff, 
	0xff, 0xff, 0xe0, 0x03, 0xff, 0xbf, 0xc9, 0xff, 0xff, 0xff, 0xff, 0x80, 0x00, 0x7f, 0xff, 0xff, 
	0xff, 0xff, 0xe0, 0x03, 0xff, 0xff, 0xfc, 0xff, 0xff, 0xff, 0xff, 0xc0, 0x00, 0x7f, 0xff, 0xff, 
	0xff, 0xff, 0xe0, 0x03, 0xff, 0xff, 0xf9, 0xff, 0xff, 0xff, 0xff, 0xc0, 0x00, 0x7f, 0xff, 0xff, 
	0xff, 0xff, 0xe0, 0x03, 0xff, 0xff, 0xf9, 0xff, 0xff, 0xff, 0xff, 0xc0, 0x00, 0x3f, 0xff, 0xff, 
	0xff, 0xff, 0xe0, 0x03, 0xff, 0xff, 0xfd, 0xff, 0xff, 0xff, 0xff, 0xc0, 0x00, 0x3f, 0xff, 0xff, 
	0xff, 0xff, 0xf0, 0x03, 0xff, 0xff, 0xfd, 0xff, 0xff, 0xff, 0xff, 0xc0, 0x00, 0x3f, 0xff, 0xff, 
	0xff, 0xff, 0xf0, 0x03, 0xff, 0xff, 0xf3, 0xff, 0xff, 0xff, 0xff, 0xc0, 0x00, 0x1f, 0xff, 0xff, 
	0xff, 0xff, 0xf0, 0x03, 0xff, 0xff, 0xf3, 0xff, 0xff, 0xff, 0xff, 0xc0, 0x00, 0x1f, 0xff, 0xff, 
	0xff, 0xff, 0xf0, 0x03, 0xff, 0xff, 0xe7, 0xff, 0xff, 0xff, 0xff, 0xc0, 0x00, 0x1f, 0xff, 0xff, 
	0xff, 0xff, 0xf0, 0x01, 0xff, 0xff, 0xe7, 0xff, 0xff, 0xff, 0xff, 0xc0, 0x00, 0x0f, 0xff, 0xff, 
	0xff, 0xff, 0xf0, 0x01, 0xff, 0xff, 0xc7, 0xff, 0xff, 0xff, 0xff, 0xc0, 0x00, 0x0f, 0xff, 0xff, 
	0xff, 0xff, 0xf0, 0x01, 0xff, 0xff, 0xf7, 0xff, 0xff, 0xff, 0xff, 0xc0, 0x00, 0x07, 0xff, 0xff, 
	0xff, 0xff, 0xf0, 0x01, 0xff, 0xff, 0xff, 0xff, 0xff, 0xff, 0xff, 0xc0, 0x00, 0x07, 0xff, 0xff, 
	0xff, 0xff, 0xf0, 0x01, 0xff, 0xff, 0xff, 0xff, 0xff, 0xff, 0xff, 0xc0, 0x00, 0x07, 0xff, 0xff, 
	0xff, 0xff, 0xf0, 0x01, 0xff, 0xff, 0xbf, 0xff, 0xff, 0x7f, 0xff, 0xc0, 0x00, 0x03, 0xff, 0xff, 
	0xff, 0xff, 0xf8, 0x01, 0xff, 0xff, 0xdf, 0xff, 0x3f, 0xbf, 0xff, 0x80, 0x00, 0x03, 0xff, 0xff, 
	0xff, 0xff, 0xf8, 0x00, 0xff, 0xff, 0xc3, 0xf9, 0xff, 0xdf, 0xff, 0x80, 0x00, 0x03, 0xff, 0xff, 
	0xff, 0xff, 0xf8, 0x00, 0xff, 0xff, 0xf0, 0xe7, 0xff, 0xc7, 0xff, 0x80, 0x00, 0x01, 0xff, 0xff, 
	0xff, 0xff, 0xf8, 0x00, 0xff, 0xff, 0xfc, 0x0f, 0xff, 0xf3, 0xff, 0x80, 0x00, 0x01, 0xff, 0xff, 
	0xff, 0xff, 0xf8, 0x00, 0x7f, 0xff, 0xff, 0xff, 0xff, 0xfb, 0xff, 0x00, 0x00, 0x01, 0xff, 0xff, 
	0xff, 0xff, 0xf8, 0x00, 0x7f, 0xf9, 0xff, 0xff, 0xff, 0xfb, 0xff, 0x00, 0x00, 0x01, 0xff, 0xff, 
	0xff, 0xff, 0xf8, 0x00, 0x3f, 0xe0, 0x00, 0x38, 0x18, 0x3f, 0xff, 0x00, 0x00, 0x01, 0xff, 0xff, 
	0xff, 0xff, 0xf8, 0x00, 0x3f, 0xff, 0x00, 0x00, 0x03, 0xff, 0xfe, 0x00, 0x00, 0x01, 0xff, 0xff, 
	0xff, 0xff, 0xfc, 0x00, 0x1f, 0xff, 0x90, 0x00, 0x67, 0xff, 0xfe, 0x00, 0x00, 0x01, 0xff, 0xff, 
	0xff, 0xff, 0xfc, 0x00, 0x0f, 0xff, 0x8e, 0x01, 0xcf, 0xff, 0xfc, 0x00, 0x00, 0x01, 0xff, 0xff, 
	0xff, 0xff, 0xfc, 0x00, 0x07, 0xff, 0xe7, 0xff, 0x3f, 0xff, 0xf8, 0x00, 0x00, 0x03, 0xff, 0xff, 
	0xff, 0xff, 0xfc, 0x00, 0x03, 0xff, 0xf1, 0xfe, 0xff, 0xff, 0xf0, 0x00, 0x00, 0x03, 0xff, 0xff, 
	0xff, 0xff, 0xfc, 0x00, 0x01, 0xff, 0xfc, 0x0f, 0xff, 0xff, 0xc0, 0x00, 0x00, 0x03, 0xff, 0xff, 
	0xff, 0xff, 0xfe, 0x00, 0x00, 0xff, 0xff, 0xff, 0xff, 0xff, 0x00, 0x00, 0x00, 0x07, 0xff, 0xff, 
	0xff, 0xff, 0xfe, 0x00, 0x00, 0x3f, 0xff, 0xff, 0xff, 0xde, 0x00, 0x00, 0x00, 0x07, 0xff, 0xff, 
	0xff, 0xff, 0xff, 0x00, 0x00, 0x1f, 0xff, 0xff, 0xff, 0xf8, 0x00, 0x00, 0x00, 0x0f, 0xff, 0xff, 
	0xff, 0xff, 0xff, 0x00, 0x00, 0x0f, 0xff, 0xff, 0xff, 0xa1, 0x00, 0x00, 0x00, 0x0f, 0xff, 0xff, 
	0xff, 0xff, 0xff, 0x80, 0x00, 0x03, 0xff, 0xff, 0xff, 0x42, 0x00, 0x00, 0x00, 0x1f, 0xff, 0xff, 
	0xff, 0xff, 0xff, 0xc0, 0x00, 0x00, 0xff, 0xff, 0xfe, 0x0c, 0x00, 0x00, 0x00, 0x1f, 0xff, 0xff, 
	0xff, 0xff, 0xff, 0xe0, 0x00, 0x06, 0x3f, 0xff, 0xfc, 0x10, 0x00, 0x00, 0x00, 0x3f, 0xff, 0xff, 
	0xff, 0xff, 0xff, 0xf4, 0x00, 0x03, 0x1f, 0xff, 0xf8, 0x70, 0x00, 0x00, 0x00, 0x7f, 0xff, 0xff, 
	0xff, 0xff, 0xff, 0xff, 0xe0, 0x03, 0x8f, 0xff, 0xf1, 0xfc, 0x00, 0x00, 0x00, 0x3f, 0xff, 0xff, 
	0xff, 0xff, 0xff, 0xff, 0xfe, 0xfb, 0xc7, 0xff, 0xc7, 0xf8, 0x00, 0x00, 0x00, 0x7f, 0xff, 0xff, 
	0xff, 0xff, 0xff, 0xff, 0xff, 0xff, 0xf1, 0xff, 0x1f, 0xf0, 0x00, 0x00, 0x00, 0xff, 0xff, 0xff, 
	0xff, 0xff, 0xff, 0xff, 0xff, 0xff, 0xf8, 0x00, 0x7f, 0xfc, 0x00, 0x00, 0x01, 0xff, 0xff, 0xff, 
	0xff, 0xff, 0xff, 0xff, 0xff, 0xff, 0xff, 0xff, 0xff, 0xfe, 0x00, 0x00, 0x03, 0xff, 0xff, 0xff, 
	0xff, 0xff, 0xff, 0xff, 0xff, 0xff, 0xff, 0xff, 0xff, 0xff, 0x80, 0x00, 0x07, 0xff, 0xff, 0xff, 
	0xff, 0xff, 0xff, 0xff, 0xff, 0xff, 0xff, 0xff, 0xff, 0xfc, 0x00, 0x00, 0x0f, 0xff, 0xff, 0xff, 
	0xff, 0xff, 0xff, 0xff, 0xff, 0xff, 0xff, 0xff, 0xff, 0xc0, 0x00, 0x00, 0x3f, 0xff, 0xff, 0xff, 
	0xff, 0xff, 0xff, 0xff, 0xff, 0xff, 0xff, 0xff, 0xff, 0xf0, 0x00, 0x00, 0x7f, 0xff, 0xff, 0xff, 
	0xff, 0xff, 0xff, 0xff, 0xff, 0xff, 0xff, 0xff, 0xff, 0xfe, 0x0e, 0x07, 0xff, 0xff, 0xff, 0xff, 
	0xff, 0xff, 0xff, 0xff, 0xff, 0xff, 0xff, 0xff, 0xff, 0xff, 0xff, 0xff, 0xff, 0xff, 0xff, 0xff, 
	0xff, 0xff, 0xff, 0xff, 0xff, 0xff, 0xff, 0xff, 0xff, 0xff, 0xff, 0xff, 0xff, 0xff, 0xff, 0xff, 
	0xff, 0xff, 0xff, 0xff, 0xff, 0xff, 0xff, 0xff, 0xff, 0xff, 0xff, 0xff, 0xff, 0xff, 0xff, 0xff, 
	0xff, 0xff, 0xff, 0xff, 0xff, 0xff, 0xff, 0xff, 0xff, 0xff, 0xff, 0xff, 0xff, 0xff, 0xff, 0xff, 
	0xff, 0xff, 0xff, 0xff, 0xff, 0xff, 0xff, 0xff, 0xff, 0xff, 0xff, 0xff, 0xff, 0xff, 0xff, 0xff, 
	0xff, 0xff, 0xff, 0xff, 0xff, 0xff, 0xff, 0xff, 0xff, 0xff, 0xff, 0xff, 0xff, 0xff, 0xff, 0xff, 
	0xff, 0xff, 0xff, 0xff, 0xff, 0xff, 0xff, 0xff, 0xff, 0xff, 0xff, 0xff, 0xff, 0xff, 0xff, 0xff, 
	0xff, 0xff, 0xff, 0xff, 0xff, 0xff, 0xff, 0xff, 0xff, 0xff, 0xff, 0xff, 0xff, 0xff, 0xff, 0xff, 
	0xff, 0xff, 0xff, 0xff, 0xff, 0xff, 0xff, 0xff, 0xff, 0xff, 0xff, 0xff, 0xff, 0xff, 0xff, 0xff, 
	0xff, 0xff, 0xff, 0xff, 0xff, 0xff, 0xff, 0xff, 0xff, 0xff, 0xff, 0xff, 0xff, 0xff, 0xff, 0xff, 
	0xff, 0xff, 0xff, 0xff, 0xff, 0xff, 0xff, 0xff, 0xff, 0xff, 0xff, 0xff, 0xff, 0xff, 0xff, 0xff, 
	0xff, 0xff, 0xff, 0xff, 0xff, 0xff, 0xff, 0xff, 0xff, 0xff, 0xff, 0xff, 0xff, 0xff, 0xff, 0xff, 
	0xff, 0xff, 0xff, 0xff, 0xff, 0xff, 0xff, 0xff, 0xff, 0xff, 0xff, 0xff, 0xff, 0xff, 0xff, 0xff, 
	0xff, 0xff, 0xff, 0xff, 0xff, 0xff, 0xff, 0xff, 0xff, 0xff, 0xff, 0xff, 0xff, 0xff, 0xff, 0xff
};
// 'michael', 128x128px
const unsigned char epd_bitmap_michael [] PROGMEM = {
	0xff, 0xff, 0xff, 0xff, 0xff, 0xff, 0xff, 0xff, 0xff, 0xff, 0xff, 0xff, 0xff, 0xff, 0xff, 0xff, 
	0xff, 0xff, 0xff, 0xff, 0xff, 0xff, 0xff, 0xff, 0xff, 0xff, 0xff, 0xff, 0xff, 0xff, 0xff, 0xff, 
	0xff, 0xff, 0xff, 0xff, 0xff, 0xff, 0xff, 0xff, 0xff, 0xff, 0xff, 0xff, 0xff, 0xff, 0xff, 0xff, 
	0xff, 0xff, 0xff, 0xff, 0xff, 0xff, 0xff, 0xff, 0xff, 0xff, 0xff, 0xff, 0xff, 0xff, 0xff, 0xff, 
	0xff, 0xff, 0xff, 0xff, 0xff, 0xff, 0xff, 0xff, 0xff, 0xff, 0xff, 0xff, 0xff, 0xff, 0xff, 0xff, 
	0xff, 0xff, 0xff, 0xff, 0xff, 0xff, 0xff, 0xff, 0xff, 0xff, 0xff, 0xff, 0xff, 0xff, 0xff, 0xff, 
	0xff, 0xff, 0xff, 0xff, 0xff, 0xff, 0xff, 0xff, 0xff, 0xff, 0xff, 0xff, 0xff, 0xff, 0xff, 0xff, 
	0xff, 0xff, 0xff, 0xff, 0xff, 0xff, 0xff, 0xff, 0xff, 0xff, 0xff, 0xff, 0xff, 0xff, 0xff, 0xff, 
	0xff, 0xff, 0xff, 0xff, 0xff, 0xff, 0xff, 0xff, 0xff, 0xff, 0xff, 0xff, 0xff, 0xff, 0xff, 0xff, 
	0xff, 0xff, 0xff, 0xff, 0xff, 0xff, 0xff, 0xff, 0xff, 0xff, 0xff, 0xff, 0xff, 0xff, 0xff, 0xff, 
	0xff, 0xff, 0xff, 0xff, 0xff, 0xff, 0xff, 0xff, 0xff, 0xff, 0xff, 0xff, 0xff, 0xff, 0xff, 0xff, 
	0xff, 0xff, 0xff, 0xff, 0xff, 0xff, 0xff, 0xff, 0xff, 0xff, 0xff, 0xff, 0xff, 0xff, 0xff, 0xff, 
	0xff, 0xff, 0xff, 0xff, 0xff, 0xff, 0xff, 0x00, 0x01, 0xff, 0xff, 0xff, 0xff, 0xff, 0xff, 0xff, 
	0xff, 0xff, 0xff, 0xff, 0xff, 0xff, 0xe0, 0x00, 0x00, 0x7f, 0xff, 0xff, 0xff, 0xff, 0xff, 0xff, 
	0xff, 0xff, 0xff, 0xff, 0xff, 0xff, 0x00, 0x00, 0x00, 0x3f, 0xff, 0xff, 0xff, 0xff, 0xff, 0xff, 
	0xff, 0xff, 0xff, 0xff, 0xff, 0xfc, 0x00, 0x00, 0x00, 0x0f, 0xff, 0xff, 0xff, 0xff, 0xff, 0xff, 
	0xff, 0xff, 0xff, 0xff, 0xff, 0xe0, 0x00, 0x00, 0x00, 0x03, 0xff, 0xff, 0xff, 0xff, 0xff, 0xff, 
	0xff, 0xff, 0xff, 0xff, 0xff, 0x80, 0x00, 0x00, 0x00, 0x01, 0xff, 0xff, 0xff, 0xff, 0xff, 0xff, 
	0xff, 0xff, 0xff, 0xff, 0xfe, 0x00, 0x00, 0x00, 0x00, 0x00, 0xff, 0xff, 0xff, 0xff, 0xff, 0xff, 
	0xff, 0xff, 0xff, 0xff, 0xf8, 0x00, 0x00, 0x00, 0x00, 0x00, 0x0f, 0xff, 0xff, 0xff, 0xff, 0xff, 
	0xff, 0xff, 0xff, 0xff, 0xe0, 0x00, 0x00, 0x00, 0x00, 0x00, 0x03, 0xff, 0xff, 0xff, 0xff, 0xff, 
	0xff, 0xff, 0xff, 0xff, 0xc0, 0x00, 0x00, 0x00, 0x00, 0x00, 0x00, 0xff, 0xff, 0xff, 0xff, 0xff, 
	0xff, 0xff, 0xff, 0xff, 0x80, 0x00, 0x00, 0x00, 0x00, 0x00, 0x00, 0x7f, 0xff, 0xff, 0xff, 0xff, 
	0xff, 0xff, 0xff, 0xff, 0x00, 0x00, 0x00, 0x00, 0x00, 0x00, 0x00, 0x3f, 0xff, 0xff, 0xff, 0xff, 
	0xff, 0xff, 0xff, 0xfe, 0x00, 0x00, 0x00, 0x00, 0x00, 0x00, 0x00, 0x1f, 0xff, 0xff, 0xff, 0xff, 
	0xff, 0xff, 0xff, 0xfc, 0x00, 0x00, 0x00, 0x00, 0x00, 0x00, 0x00, 0x0f, 0xff, 0xff, 0xff, 0xff, 
	0xff, 0xff, 0xff, 0xfc, 0x00, 0x00, 0x00, 0x00, 0x00, 0x00, 0x00, 0x07, 0xff, 0xff, 0xff, 0xff, 
	0xff, 0xff, 0xff, 0xfc, 0x00, 0x00, 0x00, 0x00, 0x00, 0x00, 0x00, 0x03, 0xff, 0xff, 0xff, 0xff, 
	0xff, 0xff, 0xff, 0xf8, 0x00, 0x00, 0x00, 0x00, 0x00, 0x00, 0x00, 0x03, 0xff, 0xff, 0xff, 0xff, 
	0xff, 0xff, 0xff, 0xf8, 0x00, 0x00, 0x00, 0x0e, 0x3d, 0xdc, 0x00, 0x01, 0xff, 0xff, 0xff, 0xff, 
	0xff, 0xff, 0xff, 0xf0, 0x00, 0x00, 0x00, 0xff, 0xff, 0xfe, 0x00, 0x00, 0xff, 0xff, 0xff, 0xff, 
	0xff, 0xff, 0xff, 0xf0, 0x00, 0x00, 0x03, 0xff, 0xff, 0xff, 0x80, 0x00, 0xff, 0xff, 0xff, 0xff, 
	0xff, 0xff, 0xff, 0xe0, 0x00, 0x00, 0x7f, 0xff, 0xff, 0xff, 0xe0, 0x00, 0x7f, 0xff, 0xff, 0xff, 
	0xff, 0xff, 0xff, 0xc0, 0x00, 0x0f, 0xff, 0xff, 0xff, 0xff, 0xf8, 0x00, 0x7f, 0xff, 0xff, 0xff, 
	0xff, 0xff, 0xff, 0xc0, 0x03, 0xff, 0xff, 0xff, 0xff, 0xff, 0xfe, 0x00, 0x3f, 0xff, 0xff, 0xff, 
	0xff, 0xff, 0xff, 0x80, 0x0f, 0xff, 0xff, 0xff, 0xff, 0xff, 0xff, 0x00, 0x3f, 0xff, 0xff, 0xff, 
	0xff, 0xff, 0xff, 0x80, 0x1f, 0xff, 0xff, 0xff, 0xff, 0xff, 0xff, 0x80, 0x3f, 0xff, 0xff, 0xff, 
	0xff, 0xff, 0xff, 0x80, 0x1f, 0xff, 0xff, 0xff, 0xff, 0xff, 0xff, 0xc0, 0x3f, 0xff, 0xff, 0xff, 
	0xff, 0xff, 0xff, 0x00, 0x3f, 0xff, 0xff, 0xff, 0xff, 0xff, 0xff, 0xc0, 0x1f, 0xff, 0xff, 0xff, 
	0xff, 0xff, 0xff, 0x00, 0x7f, 0xff, 0xff, 0xff, 0xff, 0xff, 0xff, 0xe0, 0x1f, 0xff, 0xff, 0xff, 
	0xff, 0xff, 0xfe, 0x00, 0x1f, 0xff, 0xff, 0xff, 0xff, 0xff, 0xff, 0xe0, 0x1f, 0xff, 0xff, 0xff, 
	0xff, 0xff, 0xfe, 0x00, 0x3f, 0xff, 0xff, 0xff, 0xff, 0xff, 0xff, 0xe0, 0x1f, 0xff, 0xff, 0xff, 
	0xff, 0xff, 0xfe, 0x00, 0x0f, 0xff, 0xff, 0xff, 0xff, 0xff, 0xff, 0xf0, 0x1f, 0xff, 0xff, 0xff, 
	0xff, 0xff, 0xfc, 0x00, 0x0f, 0xff, 0xff, 0xff, 0xff, 0xff, 0xff, 0xf0, 0x1f, 0xff, 0xff, 0xff, 
	0xff, 0xff, 0xfc, 0x00, 0x0f, 0xff, 0xff, 0xff, 0xff, 0xff, 0xff, 0xe0, 0x0f, 0xff, 0xff, 0xff, 
	0xff, 0xff, 0xfc, 0x00, 0x0f, 0xff, 0xff, 0xff, 0xff, 0xff, 0xff, 0xc0, 0x0f, 0xff, 0xff, 0xff, 
	0xff, 0xff, 0xfc, 0x00, 0x0f, 0xff, 0xff, 0xff, 0xff, 0xff, 0xff, 0xc0, 0x0f, 0xff, 0xff, 0xff, 
	0xff, 0xff, 0xfc, 0x00, 0x0f, 0xff, 0xff, 0xff, 0xff, 0xff, 0xff, 0xc0, 0x0f, 0xff, 0xff, 0xff, 
	0xff, 0xff, 0xfc, 0x00, 0x0f, 0xff, 0xff, 0xff, 0xff, 0xff, 0xff, 0xe0, 0x07, 0xff, 0xff, 0xff, 
	0xff, 0xff, 0xfc, 0x00, 0x0f, 0xff, 0xff, 0xff, 0xff, 0xff, 0xff, 0xe0, 0x07, 0xff, 0xff, 0xff, 
	0xff, 0xff, 0xfc, 0x00, 0x1f, 0xff, 0xff, 0xff, 0xff, 0xff, 0xff, 0xe0, 0x07, 0xff, 0xff, 0xff, 
	0xff, 0xff, 0xfc, 0x00, 0x1f, 0xff, 0xff, 0xff, 0xff, 0xff, 0xff, 0xf0, 0x07, 0xff, 0xff, 0xff, 
	0xff, 0xff, 0xfc, 0x00, 0x1f, 0xff, 0xe1, 0xff, 0xfe, 0x01, 0xff, 0xf0, 0x07, 0xff, 0xff, 0xff, 
	0xff, 0xff, 0xfc, 0x00, 0x1f, 0xe0, 0x00, 0x7f, 0xfc, 0x00, 0x07, 0xf0, 0x07, 0xff, 0xff, 0xff, 
	0xff, 0xff, 0xfe, 0x00, 0x1f, 0x00, 0x00, 0x3f, 0xf8, 0x00, 0x01, 0xf0, 0x07, 0xff, 0xff, 0xff, 
	0xff, 0xff, 0xfe, 0x00, 0x1e, 0x00, 0x00, 0x2f, 0xf0, 0x00, 0x00, 0x78, 0x07, 0xff, 0xff, 0xff, 
	0xff, 0xff, 0xfe, 0x00, 0x3c, 0x00, 0x00, 0x07, 0xe0, 0x00, 0x00, 0x30, 0x0f, 0xff, 0xff, 0xff, 
	0xff, 0xff, 0xfe, 0x00, 0x38, 0x00, 0x00, 0x0f, 0xe0, 0x00, 0x00, 0x30, 0x0f, 0xff, 0xff, 0xff, 
	0xff, 0xff, 0xfe, 0x00, 0x38, 0x01, 0xf8, 0x0f, 0xe0, 0x06, 0x00, 0x38, 0x0f, 0xff, 0xff, 0xff, 
	0xff, 0xff, 0xfe, 0x00, 0x39, 0xc8, 0x06, 0x0f, 0xe0, 0x7f, 0xe7, 0x38, 0x0f, 0xff, 0xff, 0xff, 
	0xff, 0xff, 0xff, 0x00, 0x1f, 0x00, 0x09, 0xe7, 0xe1, 0xc0, 0x13, 0xf8, 0x0f, 0xff, 0xff, 0xff, 
	0xff, 0xff, 0xff, 0x00, 0x1f, 0x86, 0x0e, 0x7f, 0xe3, 0x20, 0x47, 0xf8, 0x0f, 0xff, 0xff, 0xff, 
	0xff, 0xff, 0xfe, 0x00, 0x7f, 0xce, 0x1f, 0xff, 0xff, 0xe0, 0xe7, 0xf0, 0x0f, 0xff, 0xff, 0xff, 
	0xff, 0xff, 0xfc, 0x00, 0xff, 0xc7, 0xff, 0xff, 0xff, 0xf0, 0xe7, 0xf0, 0x07, 0xff, 0xff, 0xff, 
	0xff, 0xff, 0xfc, 0x00, 0xff, 0xe7, 0xff, 0xff, 0xff, 0xff, 0xe7, 0xf8, 0x03, 0xff, 0xff, 0xff, 
	0xff, 0xff, 0xf8, 0x00, 0xff, 0xf8, 0x3f, 0xff, 0xff, 0xff, 0xcf, 0xf8, 0x01, 0xff, 0xff, 0xff, 
	0xff, 0xff, 0xf8, 0x00, 0xff, 0xff, 0xff, 0xff, 0xff, 0xff, 0xff, 0xf8, 0x01, 0xff, 0xff, 0xff, 
	0xff, 0xff, 0xfb, 0x00, 0xff, 0xff, 0xff, 0xff, 0xff, 0xff, 0xff, 0xf8, 0x09, 0xff, 0xff, 0xff, 
	0xff, 0xff, 0xfb, 0x00, 0xff, 0xff, 0xff, 0xff, 0xff, 0xff, 0xff, 0xf8, 0x49, 0xff, 0xff, 0xff, 
	0xff, 0xff, 0xfb, 0x20, 0xff, 0xff, 0xff, 0xff, 0xff, 0xff, 0xff, 0xf8, 0xed, 0xff, 0xff, 0xff, 
	0xff, 0xff, 0xfb, 0x61, 0xff, 0xff, 0xff, 0xff, 0xff, 0xff, 0xff, 0xf8, 0xef, 0xff, 0xff, 0xff, 
	0xff, 0xff, 0xfb, 0x61, 0xff, 0xff, 0xff, 0xff, 0xff, 0xff, 0xff, 0xf8, 0xef, 0xff, 0xff, 0xff, 
	0xff, 0xff, 0xfa, 0xe1, 0xff, 0xff, 0xff, 0xff, 0xff, 0xff, 0xff, 0xf8, 0xf7, 0xff, 0xff, 0xff, 
	0xff, 0xff, 0xfe, 0xe1, 0xff, 0xff, 0xff, 0xff, 0xff, 0xff, 0xff, 0xf9, 0x77, 0xff, 0xff, 0xff, 
	0xff, 0xff, 0xff, 0xf1, 0xff, 0xff, 0xff, 0xff, 0xff, 0xff, 0xff, 0xf9, 0x77, 0xff, 0xff, 0xff, 
	0xff, 0xff, 0xff, 0xf1, 0xff, 0xff, 0xff, 0xff, 0xff, 0xff, 0xff, 0xf9, 0x77, 0xff, 0xff, 0xff, 
	0xff, 0xff, 0xfe, 0xf1, 0xff, 0xff, 0xff, 0xff, 0xff, 0xff, 0xff, 0xf1, 0x77, 0xff, 0xff, 0xff, 
	0xff, 0xff, 0xfe, 0xf1, 0xff, 0xff, 0xff, 0xff, 0xff, 0xff, 0xff, 0xf1, 0x77, 0xff, 0xff, 0xff, 
	0xff, 0xff, 0xfd, 0x78, 0xff, 0xff, 0xff, 0x8f, 0xff, 0xff, 0xff, 0xf0, 0xaf, 0xff, 0xff, 0xff, 
	0xff, 0xff, 0xff, 0xfc, 0xff, 0xff, 0xff, 0x83, 0xf0, 0xff, 0xff, 0xf0, 0xcf, 0xff, 0xff, 0xff, 
	0xff, 0xff, 0xfe, 0xfc, 0x7f, 0xff, 0xfe, 0x71, 0xe3, 0x7f, 0xff, 0xf1, 0xf7, 0xff, 0xff, 0xff, 
	0xff, 0xff, 0xfe, 0xfc, 0x7f, 0xff, 0xff, 0xd8, 0x00, 0xff, 0xff, 0xf3, 0xff, 0xff, 0xff, 0xff, 
	0xff, 0xff, 0xff, 0x3e, 0x7f, 0xff, 0xff, 0xfe, 0x1f, 0xff, 0xff, 0xf3, 0xef, 0xff, 0xff, 0xff, 
	0xff, 0xff, 0xff, 0xcc, 0x7f, 0xff, 0xff, 0xff, 0xff, 0xff, 0xff, 0xf3, 0xff, 0xff, 0xff, 0xff, 
	0xff, 0xff, 0xff, 0xfe, 0x7f, 0xff, 0xff, 0xff, 0xff, 0xff, 0xff, 0xf3, 0xbf, 0xff, 0xff, 0xff, 
	0xff, 0xff, 0xff, 0xfe, 0x7f, 0xff, 0xff, 0xff, 0xff, 0xff, 0xff, 0xf7, 0xff, 0xff, 0xff, 0xff, 
	0xff, 0xff, 0xff, 0xfe, 0x7f, 0xff, 0xff, 0xff, 0xff, 0xff, 0xff, 0xef, 0xff, 0xff, 0xff, 0xff, 
	0xff, 0xff, 0xff, 0xff, 0x7f, 0xff, 0xff, 0xff, 0xff, 0xff, 0xff, 0xef, 0xff, 0xff, 0xff, 0xff, 
	0xff, 0xff, 0xff, 0xff, 0x3f, 0xff, 0xfb, 0xff, 0xff, 0xc7, 0xff, 0xef, 0xff, 0xff, 0xff, 0xff, 
	0xff, 0xff, 0xff, 0xff, 0x3f, 0xff, 0xc0, 0x00, 0x00, 0x03, 0xff, 0xef, 0xff, 0xff, 0xff, 0xff, 
	0xff, 0xff, 0xff, 0xff, 0x9f, 0xff, 0x00, 0x00, 0x00, 0x01, 0xff, 0xef, 0xff, 0xff, 0xff, 0xff, 
	0xff, 0xff, 0xff, 0xff, 0x9f, 0xff, 0xff, 0xff, 0xff, 0xff, 0xff, 0xdf, 0xff, 0xff, 0xff, 0xff, 
	0xff, 0xff, 0xff, 0xff, 0x9f, 0xff, 0xff, 0xff, 0xff, 0xff, 0xff, 0xdf, 0xff, 0xff, 0xff, 0xff, 
	0xff, 0xff, 0xff, 0xff, 0xdf, 0xff, 0xff, 0xff, 0xff, 0x7f, 0xff, 0x9f, 0xff, 0xff, 0xff, 0xff, 
	0xff, 0xff, 0xff, 0xff, 0xcf, 0xff, 0xff, 0xff, 0xf0, 0x7f, 0xff, 0x3f, 0xff, 0xff, 0xff, 0xff, 
	0xff, 0xff, 0xff, 0xff, 0xcf, 0xff, 0xff, 0xf8, 0x01, 0xff, 0xfe, 0x3f, 0xff, 0xff, 0xff, 0xff, 
	0xff, 0xff, 0xff, 0xff, 0xe7, 0xff, 0xff, 0xff, 0xff, 0xff, 0xfe, 0x7f, 0xff, 0xff, 0xff, 0xff, 
	0xff, 0xff, 0xff, 0xff, 0xe1, 0xff, 0xff, 0xff, 0xff, 0xff, 0xfc, 0xff, 0xff, 0xff, 0xff, 0xff, 
	0xff, 0xff, 0xff, 0xff, 0xf0, 0x7f, 0xff, 0xf0, 0x1f, 0xff, 0xf0, 0xff, 0xff, 0xff, 0xff, 0xff, 
	0xff, 0xff, 0xff, 0xff, 0xf0, 0x1f, 0xff, 0xff, 0xff, 0xff, 0xf1, 0xff, 0xff, 0xff, 0xff, 0xff, 
	0xff, 0xff, 0xff, 0xff, 0xf8, 0x0f, 0xff, 0xff, 0xff, 0xff, 0xc1, 0xff, 0xff, 0xff, 0xff, 0xff, 
	0xff, 0xff, 0xff, 0xff, 0xf8, 0x07, 0xff, 0xff, 0xff, 0xfc, 0x03, 0xff, 0xff, 0xff, 0xff, 0xff, 
	0xff, 0xff, 0xff, 0xff, 0xfc, 0x07, 0xff, 0xff, 0xff, 0xf8, 0x07, 0xff, 0xff, 0xff, 0xff, 0xff, 
	0xff, 0xff, 0xff, 0xff, 0xfe, 0x03, 0xff, 0xff, 0xff, 0xf0, 0x07, 0xff, 0xff, 0xff, 0xff, 0xff, 
	0xff, 0xff, 0xff, 0xff, 0xff, 0x00, 0xff, 0xff, 0xff, 0xe0, 0x0f, 0xff, 0xff, 0xff, 0xff, 0xff, 
	0xff, 0xff, 0xff, 0xff, 0xff, 0x80, 0x7f, 0xff, 0xff, 0xe0, 0x1f, 0xff, 0xff, 0xff, 0xff, 0xff, 
	0xff, 0xff, 0xff, 0xff, 0xff, 0xc0, 0x1f, 0xff, 0xff, 0xc0, 0x3f, 0xff, 0xff, 0xff, 0xff, 0xff, 
	0xff, 0xff, 0xff, 0xff, 0xff, 0xe0, 0x03, 0xff, 0xff, 0x00, 0x7f, 0xff, 0xff, 0xff, 0xff, 0xff, 
	0xff, 0xff, 0xff, 0xff, 0xff, 0xf0, 0x00, 0x7f, 0xf8, 0x00, 0xff, 0xff, 0xff, 0xff, 0xff, 0xff, 
	0xff, 0xff, 0xff, 0xff, 0xff, 0xf8, 0x00, 0x00, 0x00, 0x01, 0xff, 0xff, 0xff, 0xff, 0xff, 0xff, 
	0xff, 0xff, 0xff, 0xff, 0xff, 0xfe, 0x00, 0x00, 0x00, 0x03, 0xff, 0xff, 0xff, 0xff, 0xff, 0xff, 
	0xff, 0xff, 0xff, 0xff, 0xff, 0xff, 0x00, 0x00, 0x00, 0x07, 0xff, 0xff, 0xff, 0xff, 0xff, 0xff, 
	0xff, 0xff, 0xff, 0xff, 0xff, 0xff, 0xc0, 0x00, 0x00, 0x1f, 0xff, 0xff, 0xff, 0xff, 0xff, 0xff, 
	0xff, 0xff, 0xff, 0xff, 0xff, 0xff, 0xf0, 0x00, 0x00, 0x7f, 0xff, 0xff, 0xff, 0xff, 0xff, 0xff, 
	0xff, 0xff, 0xff, 0xff, 0xff, 0xff, 0xfc, 0x00, 0x03, 0xff, 0xff, 0xff, 0xff, 0xff, 0xff, 0xff, 
	0xff, 0xff, 0xff, 0xff, 0xff, 0xff, 0xff, 0xc0, 0x3f, 0xff, 0xff, 0xff, 0xff, 0xff, 0xff, 0xff, 
	0xff, 0xff, 0xff, 0xff, 0xff, 0xff, 0xff, 0xff, 0xff, 0xff, 0xff, 0xff, 0xff, 0xff, 0xff, 0xff, 
	0xff, 0xff, 0xff, 0xff, 0xff, 0xff, 0xff, 0xff, 0xff, 0xff, 0xff, 0xff, 0xff, 0xff, 0xff, 0xff, 
	0xff, 0xff, 0xff, 0xff, 0xff, 0xff, 0xff, 0xff, 0xff, 0xff, 0xff, 0xff, 0xff, 0xff, 0xff, 0xff, 
	0xff, 0xff, 0xff, 0xff, 0xff, 0xff, 0xff, 0xff, 0xff, 0xff, 0xff, 0xff, 0xff, 0xff, 0xff, 0xff, 
	0xff, 0xff, 0xff, 0xff, 0xff, 0xff, 0xff, 0xff, 0xff, 0xff, 0xff, 0xff, 0xff, 0xff, 0xff, 0xff, 
	0xff, 0xff, 0xff, 0xff, 0xff, 0xff, 0xff, 0xff, 0xff, 0xff, 0xff, 0xff, 0xff, 0xff, 0xff, 0xff, 
	0xff, 0xff, 0xff, 0xff, 0xff, 0xff, 0xff, 0xff, 0xff, 0xff, 0xff, 0xff, 0xff, 0xff, 0xff, 0xff, 
	0xff, 0xff, 0xff, 0xff, 0xff, 0xff, 0xff, 0xff, 0xff, 0xff, 0xff, 0xff, 0xff, 0xff, 0xff, 0xff, 
	0xff, 0xff, 0xff, 0xff, 0xff, 0xff, 0xff, 0xff, 0xff, 0xff, 0xff, 0xff, 0xff, 0xff, 0xff, 0xff, 
	0xff, 0xff, 0xff, 0xff, 0xff, 0xff, 0xff, 0xff, 0xff, 0xff, 0xff, 0xff, 0xff, 0xff, 0xff, 0xff, 
	0xff, 0xff, 0xff, 0xff, 0xff, 0xff, 0xff, 0xff, 0xff, 0xff, 0xff, 0xff, 0xff, 0xff, 0xff, 0xff, 
	0xff, 0xff, 0xff, 0xff, 0xff, 0xff, 0xff, 0xff, 0xff, 0xff, 0xff, 0xff, 0xff, 0xff, 0xff, 0xff
};
// 'stanley', 128x128px
const unsigned char epd_bitmap_stanley [] PROGMEM = {
	0xff, 0xff, 0xff, 0xff, 0xff, 0xff, 0xff, 0xff, 0xff, 0xff, 0xff, 0xff, 0xff, 0xff, 0xff, 0xff, 
	0xff, 0xff, 0xff, 0xff, 0xff, 0xff, 0xff, 0xff, 0xff, 0xff, 0xff, 0xff, 0xff, 0xff, 0xff, 0xff, 
	0xff, 0xff, 0xff, 0xff, 0xff, 0xff, 0xff, 0xff, 0xff, 0xff, 0xff, 0xff, 0xff, 0xff, 0xff, 0xff, 
	0xff, 0xff, 0xff, 0xff, 0xff, 0xff, 0xff, 0xff, 0xff, 0xff, 0xff, 0xff, 0xff, 0xff, 0xff, 0xff, 
	0xff, 0xff, 0xff, 0xff, 0xff, 0xff, 0xff, 0xff, 0xff, 0xff, 0xff, 0xff, 0xff, 0xff, 0xff, 0xff, 
	0xff, 0xff, 0xff, 0xff, 0xff, 0xff, 0xff, 0xff, 0xff, 0xff, 0xff, 0xff, 0xff, 0xff, 0xff, 0xff, 
	0xff, 0xff, 0xff, 0xff, 0xff, 0xff, 0xff, 0xff, 0xff, 0xff, 0xff, 0xff, 0xff, 0xff, 0xff, 0xff, 
	0xff, 0xff, 0xff, 0xff, 0xff, 0xff, 0xff, 0xff, 0xff, 0xff, 0xff, 0xff, 0xff, 0xff, 0xff, 0xff, 
	0xff, 0xff, 0xff, 0xff, 0xff, 0xff, 0xff, 0xff, 0xff, 0xff, 0xff, 0xff, 0xff, 0xff, 0xff, 0xff, 
	0xff, 0xff, 0xff, 0xff, 0xff, 0xff, 0xff, 0xff, 0xff, 0xff, 0xff, 0xff, 0xff, 0xff, 0xff, 0xff, 
	0xff, 0xff, 0xff, 0xff, 0xff, 0xff, 0xff, 0xff, 0xff, 0xff, 0xff, 0xff, 0xff, 0xff, 0xff, 0xff, 
	0xff, 0xff, 0xff, 0xff, 0xff, 0xff, 0xff, 0xff, 0xff, 0xff, 0xff, 0xff, 0xff, 0xff, 0xff, 0xff, 
	0xff, 0xff, 0xff, 0xff, 0xff, 0xff, 0xff, 0xff, 0xff, 0xff, 0xff, 0xff, 0xff, 0xff, 0xff, 0xff, 
	0xff, 0xff, 0xff, 0xff, 0xff, 0xff, 0xff, 0xff, 0xff, 0xff, 0xff, 0xff, 0xff, 0xff, 0xff, 0xff, 
	0xff, 0xff, 0xff, 0xff, 0xff, 0xff, 0xff, 0xff, 0xff, 0xff, 0xff, 0xff, 0xff, 0xff, 0xff, 0xff, 
	0xff, 0xff, 0xff, 0xff, 0xff, 0xfe, 0x01, 0xff, 0xff, 0xff, 0xff, 0xff, 0xff, 0xff, 0xff, 0xff, 
	0xff, 0xff, 0xff, 0xff, 0xff, 0xf0, 0x00, 0x01, 0xff, 0xff, 0xff, 0xff, 0xff, 0xff, 0xff, 0xff, 
	0xff, 0xff, 0xff, 0xff, 0xfe, 0x00, 0x00, 0x00, 0x7f, 0xff, 0xff, 0xff, 0xff, 0xff, 0xff, 0xff, 
	0xff, 0xff, 0xff, 0xff, 0xf8, 0x00, 0x00, 0x00, 0x0f, 0xff, 0xff, 0xff, 0xff, 0xff, 0xff, 0xff, 
	0xff, 0xff, 0xff, 0xff, 0xf0, 0x00, 0x00, 0x00, 0x00, 0x3f, 0xff, 0xff, 0xff, 0xff, 0xff, 0xff, 
	0xff, 0xff, 0xff, 0xf9, 0x80, 0x00, 0x00, 0x00, 0x00, 0x1f, 0xff, 0xff, 0xff, 0xff, 0xff, 0xff, 
	0xff, 0xff, 0xff, 0xf0, 0x00, 0x00, 0x00, 0x00, 0x00, 0x0f, 0xff, 0xff, 0xff, 0xff, 0xff, 0xff, 
	0xff, 0xff, 0xff, 0xe0, 0x00, 0x00, 0x07, 0xf0, 0x00, 0x07, 0xff, 0xff, 0xff, 0xff, 0xff, 0xff, 
	0xff, 0xff, 0xff, 0xc0, 0xf8, 0x3f, 0xff, 0xff, 0x80, 0x01, 0xff, 0xff, 0xff, 0xff, 0xff, 0xff, 
	0xff, 0xff, 0xff, 0x03, 0xff, 0xff, 0xff, 0xff, 0xe0, 0x00, 0xff, 0xff, 0xff, 0xff, 0xff, 0xff, 
	0xff, 0xff, 0xfc, 0x07, 0xff, 0xff, 0xff, 0xff, 0xf8, 0x00, 0x7f, 0xff, 0xff, 0xff, 0xff, 0xff, 
	0xff, 0xff, 0xf8, 0x1f, 0xff, 0xff, 0xff, 0xff, 0xfc, 0x00, 0x1f, 0xff, 0xff, 0xff, 0xff, 0xff, 
	0xff, 0xff, 0xf8, 0x3f, 0xff, 0xff, 0xff, 0xff, 0xfe, 0x00, 0x0f, 0xff, 0xff, 0xff, 0xff, 0xff, 
	0xff, 0xff, 0xf0, 0x7f, 0xff, 0xff, 0xff, 0xff, 0xff, 0x00, 0x07, 0xff, 0xff, 0xff, 0xff, 0xff, 
	0xff, 0xff, 0xe0, 0xff, 0xff, 0xff, 0xff, 0xff, 0xff, 0x80, 0x03, 0xff, 0xff, 0xff, 0xff, 0xff, 
	0xff, 0xff, 0xe1, 0xff, 0xff, 0xff, 0xff, 0xff, 0xff, 0x80, 0x01, 0xff, 0xff, 0xff, 0xff, 0xff, 
	0xff, 0xff, 0xc3, 0xff, 0xff, 0xff, 0xff, 0xff, 0xff, 0xc0, 0x00, 0xff, 0xff, 0xff, 0xff, 0xff, 
	0xff, 0xff, 0x87, 0xff, 0xff, 0xff, 0xff, 0xff, 0xff, 0xc0, 0x00, 0x3f, 0xff, 0xff, 0xff, 0xff, 
	0xff, 0xff, 0x87, 0xff, 0xff, 0xff, 0xff, 0xff, 0xff, 0xc0, 0x00, 0x1f, 0xff, 0xff, 0xff, 0xff, 
	0xff, 0xff, 0x87, 0xff, 0xff, 0xff, 0xff, 0xff, 0xff, 0xe0, 0x00, 0x3f, 0xff, 0xff, 0xff, 0xff, 
	0xff, 0xff, 0x8f, 0xff, 0xff, 0xff, 0xff, 0xff, 0xff, 0xe0, 0x00, 0x1f, 0xff, 0xff, 0xff, 0xff, 
	0xff, 0xff, 0x0f, 0xff, 0xff, 0xff, 0xff, 0xff, 0xff, 0xe0, 0x00, 0x1f, 0xff, 0xff, 0xff, 0xff, 
	0xff, 0xff, 0x1f, 0xff, 0xff, 0xff, 0xff, 0xff, 0xff, 0xe0, 0x00, 0x0f, 0xff, 0xff, 0xff, 0xff, 
	0xff, 0xfe, 0x1f, 0xff, 0xff, 0xff, 0xff, 0xff, 0xff, 0xf0, 0x00, 0x0f, 0xff, 0xff, 0xff, 0xff, 
	0xff, 0xfc, 0x1f, 0xff, 0xff, 0xff, 0xff, 0xff, 0xff, 0xf0, 0x00, 0x0f, 0xff, 0xff, 0xff, 0xff, 
	0xff, 0xfc, 0x1f, 0xff, 0xff, 0xff, 0xff, 0xff, 0xff, 0xf0, 0x00, 0x07, 0xff, 0xff, 0xff, 0xff, 
	0xff, 0xf8, 0x1f, 0xff, 0xff, 0xff, 0xff, 0xff, 0xff, 0xe0, 0x00, 0x07, 0xff, 0xff, 0xff, 0xff, 
	0xff, 0xf8, 0x1f, 0xff, 0xff, 0xff, 0xff, 0xff, 0xff, 0xe0, 0x00, 0x03, 0xff, 0xff, 0xff, 0xff, 
	0xff, 0xf8, 0x1f, 0xff, 0xff, 0xff, 0xff, 0xff, 0xff, 0xe0, 0x00, 0x03, 0xff, 0xff, 0xff, 0xff, 
	0xff, 0xf8, 0x1f, 0xff, 0xff, 0xff, 0xff, 0xff, 0xff, 0xe0, 0x00, 0x01, 0xff, 0xff, 0xff, 0xff, 
	0xff, 0xf8, 0x3f, 0xff, 0xff, 0xff, 0xff, 0xff, 0xff, 0xf0, 0x00, 0x00, 0xff, 0xff, 0xff, 0xff, 
	0xff, 0xf8, 0x3f, 0xff, 0xff, 0xff, 0xff, 0xff, 0xff, 0xf0, 0x00, 0x00, 0xff, 0xff, 0xff, 0xff, 
	0xff, 0xf8, 0x3f, 0xff, 0xff, 0xff, 0xff, 0xff, 0xff, 0xf0, 0x00, 0x00, 0x7f, 0xff, 0xff, 0xff, 
	0xff, 0xf8, 0x3f, 0xff, 0xff, 0xff, 0xff, 0xff, 0xff, 0xf0, 0x00, 0x00, 0x7f, 0xff, 0xff, 0xff, 
	0xff, 0xf8, 0x7f, 0xc0, 0x7f, 0xff, 0xff, 0xff, 0xff, 0xf8, 0x00, 0x00, 0xbf, 0xff, 0xff, 0xff, 
	0xff, 0xf8, 0x7e, 0x00, 0x07, 0xff, 0x00, 0x01, 0xff, 0xf8, 0x00, 0x00, 0xff, 0xff, 0xff, 0xff, 
	0xff, 0xfc, 0x78, 0x00, 0x07, 0xff, 0x00, 0x00, 0x3f, 0xf8, 0x00, 0x01, 0xff, 0xff, 0xff, 0xff, 
	0xff, 0xfc, 0x70, 0x00, 0x1f, 0xff, 0x00, 0x00, 0x0f, 0xf8, 0x00, 0x01, 0xff, 0xff, 0xff, 0xff, 
	0xff, 0xfc, 0x61, 0xff, 0xff, 0xff, 0x07, 0xfe, 0x07, 0xfc, 0x00, 0x01, 0xff, 0xff, 0xff, 0xff, 
	0xff, 0xfc, 0x63, 0xff, 0xff, 0xff, 0xff, 0xff, 0xc3, 0xfc, 0x00, 0x00, 0xff, 0xff, 0xff, 0xff, 
	0xff, 0xfe, 0x67, 0xff, 0xff, 0xff, 0xff, 0xff, 0xf3, 0xfc, 0x00, 0x00, 0xff, 0xff, 0xff, 0xff, 
	0xff, 0xfe, 0x07, 0xff, 0xff, 0xff, 0xff, 0xff, 0xf9, 0xfc, 0x00, 0x00, 0xff, 0xff, 0xff, 0xff, 
	0xff, 0xfe, 0x0f, 0xff, 0xff, 0xff, 0xf0, 0x07, 0xff, 0xfe, 0x00, 0x01, 0xff, 0xff, 0xff, 0xff, 
	0xff, 0xfe, 0x2f, 0xc0, 0x3f, 0xff, 0xee, 0x00, 0xff, 0xfe, 0x00, 0x00, 0xff, 0xff, 0xff, 0xff, 
	0xff, 0xfe, 0x7f, 0x01, 0xff, 0xff, 0xbe, 0x0e, 0x3f, 0xfe, 0x00, 0x00, 0x7f, 0xff, 0xff, 0xff, 
	0xff, 0xff, 0x7e, 0xc1, 0xff, 0xff, 0xff, 0xff, 0xff, 0xfe, 0x00, 0x00, 0xff, 0xff, 0xff, 0xff, 
	0xff, 0xff, 0x7d, 0xc3, 0xff, 0xff, 0xff, 0xff, 0xff, 0xff, 0x00, 0x01, 0xff, 0xff, 0xff, 0xff, 
	0xff, 0xff, 0x7f, 0xff, 0xff, 0xff, 0xff, 0xff, 0xff, 0xff, 0x03, 0x83, 0xff, 0xff, 0xff, 0xff, 
	0xff, 0xff, 0x7f, 0xff, 0xff, 0xff, 0xff, 0xff, 0xff, 0xff, 0x07, 0xe3, 0xff, 0xff, 0xff, 0xff, 
	0xff, 0xff, 0x7f, 0xff, 0xff, 0xff, 0xff, 0xff, 0xff, 0xff, 0x07, 0xf3, 0xff, 0xff, 0xff, 0xff, 
	0xff, 0xff, 0x7f, 0xff, 0xff, 0xff, 0xff, 0xff, 0xff, 0xff, 0x8e, 0xf9, 0xff, 0xff, 0xff, 0xff, 
	0xff, 0xff, 0xff, 0xff, 0xff, 0xff, 0xff, 0xff, 0xff, 0xff, 0x9f, 0x18, 0xff, 0xff, 0xff, 0xff, 
	0xff, 0xff, 0xff, 0xff, 0xff, 0xff, 0xff, 0xff, 0xff, 0xff, 0x9f, 0x8c, 0xff, 0xff, 0xff, 0xff, 
	0xff, 0xff, 0xbf, 0xff, 0xff, 0xff, 0xff, 0xff, 0xff, 0xff, 0xd9, 0xdd, 0xff, 0xff, 0xff, 0xff, 
	0xff, 0xff, 0xbf, 0xff, 0xff, 0xff, 0xff, 0xff, 0xff, 0xff, 0xfc, 0xcf, 0xff, 0xff, 0xff, 0xff, 
	0xff, 0xff, 0xbf, 0xff, 0xff, 0xff, 0xff, 0xff, 0xff, 0xff, 0xfe, 0xef, 0xff, 0xff, 0xff, 0xff, 
	0xff, 0xff, 0xbf, 0xff, 0xff, 0xff, 0xff, 0xff, 0xff, 0xff, 0xfe, 0xef, 0xff, 0xff, 0xff, 0xff, 
	0xff, 0xff, 0xbf, 0xff, 0xff, 0xff, 0xff, 0xff, 0xff, 0xff, 0xfd, 0xdf, 0xff, 0xff, 0xff, 0xff, 
	0xff, 0xff, 0xff, 0xff, 0xff, 0xff, 0xff, 0xff, 0xff, 0xff, 0xf3, 0x9f, 0xff, 0xff, 0xff, 0xff, 
	0xff, 0xff, 0xff, 0xff, 0x7f, 0xff, 0x3d, 0xff, 0xff, 0xff, 0xff, 0xbf, 0xff, 0xff, 0xff, 0xff, 
	0xff, 0xff, 0xdf, 0xff, 0x63, 0xfc, 0x3d, 0xff, 0xff, 0xff, 0xff, 0xff, 0xff, 0xff, 0xff, 0xff, 
	0xff, 0xff, 0xdf, 0xff, 0x78, 0xfb, 0xfb, 0xff, 0xff, 0xff, 0xff, 0xff, 0xff, 0xff, 0xff, 0xff, 
	0xff, 0xff, 0xdf, 0xff, 0x9f, 0x3f, 0xff, 0xff, 0xff, 0xff, 0xff, 0xff, 0xff, 0xff, 0xff, 0xff, 
	0xff, 0xff, 0xdf, 0xff, 0xff, 0xff, 0xff, 0xff, 0xff, 0xff, 0xff, 0xff, 0xff, 0xff, 0xff, 0xff, 
	0xff, 0xff, 0xdf, 0xff, 0xff, 0xff, 0xff, 0xff, 0xff, 0xff, 0xef, 0xff, 0xff, 0xff, 0xff, 0xff, 
	0xff, 0xff, 0xdf, 0xff, 0xff, 0xff, 0xff, 0xff, 0xff, 0xff, 0xe7, 0x7f, 0xff, 0xff, 0xff, 0xff, 
	0xff, 0xff, 0xdf, 0xff, 0xff, 0xf0, 0xff, 0xff, 0xff, 0xff, 0xf0, 0xff, 0xff, 0xff, 0xff, 0xff, 
	0xff, 0xff, 0xef, 0xff, 0xff, 0x10, 0x1f, 0xff, 0xff, 0xff, 0xf7, 0xff, 0xff, 0xff, 0xff, 0xff, 
	0xff, 0xff, 0xef, 0xff, 0xfc, 0x10, 0x03, 0xff, 0xff, 0xff, 0xf7, 0xff, 0xff, 0xff, 0xff, 0xff, 
	0xff, 0xff, 0xef, 0xff, 0xf0, 0x13, 0x80, 0x7f, 0xff, 0xff, 0xe7, 0xff, 0xff, 0xff, 0xff, 0xff, 
	0xff, 0xff, 0xef, 0xff, 0xc0, 0xff, 0xf0, 0x1f, 0xff, 0xff, 0xc7, 0xff, 0xff, 0xff, 0xff, 0xff, 
	0xff, 0xff, 0xef, 0xff, 0x87, 0xff, 0xff, 0x07, 0xff, 0xff, 0x87, 0xff, 0xff, 0xff, 0xff, 0xff, 
	0xff, 0xff, 0xe7, 0xff, 0x1f, 0xff, 0xfe, 0x01, 0xff, 0xfe, 0x07, 0xff, 0xff, 0xff, 0xff, 0xff, 
	0xff, 0xff, 0xe7, 0xfe, 0x3f, 0xff, 0xff, 0x80, 0xff, 0xfc, 0x0f, 0xff, 0xff, 0xff, 0xff, 0xff, 
	0xff, 0xff, 0xe3, 0xfe, 0x3f, 0xf8, 0x3f, 0xff, 0xff, 0x38, 0x1f, 0xff, 0xff, 0xff, 0xff, 0xff, 
	0xff, 0xff, 0xe3, 0xfe, 0x00, 0x3f, 0xff, 0xff, 0xfe, 0x38, 0x3f, 0xff, 0xff, 0xff, 0xff, 0xff, 
	0xff, 0xff, 0xf1, 0xfe, 0x7f, 0xff, 0xff, 0xef, 0xfc, 0x70, 0x7f, 0xff, 0xff, 0xff, 0xff, 0xff, 
	0xff, 0xff, 0xf0, 0xfe, 0x7f, 0xff, 0xff, 0xdf, 0xfc, 0x60, 0xff, 0xff, 0xff, 0xff, 0xff, 0xff, 
	0xff, 0xff, 0xf0, 0x7f, 0x3f, 0xff, 0xff, 0xbf, 0xf8, 0xe1, 0xff, 0xff, 0xff, 0xff, 0xff, 0xff, 
	0xff, 0xff, 0xf8, 0x3f, 0x1f, 0xff, 0xfc, 0xff, 0xf0, 0xc3, 0xff, 0xff, 0xff, 0xff, 0xff, 0xff, 
	0xff, 0xff, 0xf8, 0x1f, 0x87, 0xff, 0xf1, 0xff, 0xf1, 0xc3, 0xff, 0xff, 0xff, 0xff, 0xff, 0xff, 
	0xff, 0xff, 0xfc, 0x0f, 0xe0, 0x7f, 0x07, 0xff, 0xf3, 0x87, 0xff, 0xff, 0xff, 0xff, 0xff, 0xff, 
	0xff, 0xff, 0xfc, 0x27, 0xf8, 0x00, 0x1f, 0xff, 0xf3, 0x0f, 0xff, 0xff, 0xff, 0xff, 0xff, 0xff, 
	0xff, 0xff, 0xfe, 0x13, 0xff, 0xe7, 0xff, 0xff, 0xe7, 0x0f, 0xff, 0xff, 0xff, 0xff, 0xff, 0xff, 
	0xff, 0xff, 0xff, 0x08, 0xff, 0xff, 0xff, 0xff, 0xee, 0x1f, 0xff, 0xff, 0xff, 0xff, 0xff, 0xff, 
	0xff, 0xff, 0xff, 0x8c, 0x7f, 0xff, 0xff, 0xff, 0xde, 0x1f, 0xff, 0xff, 0xff, 0xff, 0xff, 0xff, 
	0xff, 0xff, 0xff, 0xc6, 0x1f, 0xff, 0xff, 0xff, 0x9c, 0x3f, 0xff, 0xff, 0xff, 0xff, 0xff, 0xff, 
	0xff, 0xff, 0xff, 0xe3, 0x0f, 0xff, 0xff, 0xff, 0x38, 0x7f, 0xff, 0xff, 0xff, 0xff, 0xff, 0xff, 
	0xff, 0xff, 0xff, 0xf1, 0x83, 0xff, 0xff, 0xfe, 0x70, 0xff, 0xff, 0xff, 0xff, 0xff, 0xff, 0xff, 
	0xff, 0xff, 0xff, 0xf8, 0xc1, 0xff, 0xff, 0xf0, 0xe1, 0xff, 0xff, 0xff, 0xff, 0xff, 0xff, 0xff, 
	0xff, 0xff, 0xff, 0xfc, 0x60, 0x7f, 0x9e, 0x01, 0xc7, 0xff, 0xff, 0xff, 0xff, 0xff, 0xff, 0xff, 
	0xff, 0xff, 0xff, 0xfe, 0x38, 0x00, 0x00, 0x07, 0x8f, 0xff, 0xff, 0xff, 0xff, 0xff, 0xff, 0xff, 
	0xff, 0xff, 0xff, 0xff, 0x1c, 0x00, 0x00, 0x1f, 0x1f, 0xff, 0xff, 0xff, 0xff, 0xff, 0xff, 0xff, 
	0xff, 0xff, 0xff, 0xff, 0xcf, 0x80, 0x07, 0xfc, 0x7f, 0xff, 0xff, 0xff, 0xff, 0xff, 0xff, 0xff, 
	0xff, 0xff, 0xff, 0xff, 0xe1, 0xff, 0xff, 0xe0, 0xff, 0xff, 0xff, 0xff, 0xff, 0xff, 0xff, 0xff, 
	0xff, 0xff, 0xff, 0xff, 0xf8, 0x0f, 0xfc, 0x03, 0xff, 0xff, 0xff, 0xff, 0xff, 0xff, 0xff, 0xff, 
	0xff, 0xff, 0xff, 0xff, 0xff, 0x80, 0x00, 0x1f, 0xff, 0xff, 0xff, 0xff, 0xff, 0xff, 0xff, 0xff, 
	0xff, 0xff, 0xff, 0xff, 0xff, 0xfc, 0x01, 0xff, 0xff, 0xff, 0xff, 0xff, 0xff, 0xff, 0xff, 0xff, 
	0xff, 0xff, 0xff, 0xff, 0xff, 0xff, 0xff, 0xff, 0xff, 0xff, 0xff, 0xff, 0xff, 0xff, 0xff, 0xff, 
	0xff, 0xff, 0xff, 0xff, 0xff, 0xff, 0xff, 0xff, 0xff, 0xff, 0xff, 0xff, 0xff, 0xff, 0xff, 0xff, 
	0xff, 0xff, 0xff, 0xff, 0xff, 0xff, 0xff, 0xff, 0xff, 0xff, 0xff, 0xff, 0xff, 0xff, 0xff, 0xff, 
	0xff, 0xff, 0xff, 0xff, 0xff, 0xff, 0xff, 0xff, 0xff, 0xff, 0xff, 0xff, 0xff, 0xff, 0xff, 0xff, 
	0xff, 0xff, 0xff, 0xff, 0xff, 0xff, 0xff, 0xff, 0xff, 0xff, 0xff, 0xff, 0xff, 0xff, 0xff, 0xff, 
	0xff, 0xff, 0xff, 0xff, 0xff, 0xff, 0xff, 0xff, 0xff, 0xff, 0xff, 0xff, 0xff, 0xff, 0xff, 0xff, 
	0xff, 0xff, 0xff, 0xff, 0xff, 0xff, 0xff, 0xff, 0xff, 0xff, 0xff, 0xff, 0xff, 0xff, 0xff, 0xff, 
	0xff, 0xff, 0xff, 0xff, 0xff, 0xff, 0xff, 0xff, 0xff, 0xff, 0xff, 0xff, 0xff, 0xff, 0xff, 0xff, 
	0xff, 0xff, 0xff, 0xff, 0xff, 0xff, 0xff, 0xff, 0xff, 0xff, 0xff, 0xff, 0xff, 0xff, 0xff, 0xff, 
	0xff, 0xff, 0xff, 0xff, 0xff, 0xff, 0xff, 0xff, 0xff, 0xff, 0xff, 0xff, 0xff, 0xff, 0xff, 0xff, 
	0xff, 0xff, 0xff, 0xff, 0xff, 0xff, 0xff, 0xff, 0xff, 0xff, 0xff, 0xff, 0xff, 0xff, 0xff, 0xff, 
	0xff, 0xff, 0xff, 0xff, 0xff, 0xff, 0xff, 0xff, 0xff, 0xff, 0xff, 0xff, 0xff, 0xff, 0xff, 0xff, 
	0xff, 0xff, 0xff, 0xff, 0xff, 0xff, 0xff, 0xff, 0xff, 0xff, 0xff, 0xff, 0xff, 0xff, 0xff, 0xff, 
	0xff, 0xff, 0xff, 0xff, 0xff, 0xff, 0xff, 0xff, 0xff, 0xff, 0xff, 0xff, 0xff, 0xff, 0xff, 0xff, 
	0xff, 0xff, 0xff, 0xff, 0xff, 0xff, 0xff, 0xff, 0xff, 0xff, 0xff, 0xff, 0xff, 0xff, 0xff, 0xff
};
// 'pam', 128x128px
const unsigned char epd_bitmap_pam [] PROGMEM = {
	0xff, 0xff, 0xff, 0xff, 0xff, 0xff, 0xff, 0xff, 0xff, 0xff, 0xff, 0xff, 0xff, 0xff, 0xff, 0xff, 
	0xff, 0xff, 0xff, 0xff, 0xff, 0xff, 0xff, 0xff, 0xff, 0xff, 0xff, 0xff, 0xff, 0xff, 0xff, 0xff, 
	0xff, 0xff, 0xff, 0xff, 0xff, 0xff, 0xff, 0xff, 0xff, 0xff, 0xff, 0xff, 0xff, 0xff, 0xff, 0xff, 
	0xff, 0xff, 0xff, 0xff, 0xff, 0xff, 0xff, 0xff, 0xff, 0xff, 0xff, 0xff, 0xff, 0xff, 0xff, 0xff, 
	0xff, 0xff, 0xff, 0xff, 0xff, 0xff, 0xff, 0xff, 0xff, 0xff, 0xff, 0xff, 0xff, 0xff, 0xff, 0xff, 
	0xff, 0xff, 0xff, 0xff, 0xff, 0xff, 0xff, 0xff, 0xff, 0xff, 0xff, 0xff, 0xff, 0xff, 0xff, 0xff, 
	0xff, 0xff, 0xff, 0xff, 0xff, 0xff, 0xff, 0xff, 0xff, 0xff, 0xff, 0xff, 0xff, 0xff, 0xff, 0xff, 
	0xff, 0xff, 0xff, 0xff, 0xff, 0xff, 0xff, 0xc0, 0x1f, 0xff, 0xff, 0xff, 0xff, 0xff, 0xff, 0xff, 
	0xff, 0xff, 0xff, 0xff, 0xff, 0xff, 0xe0, 0x00, 0x01, 0xff, 0xff, 0xff, 0xff, 0xff, 0xff, 0xff, 
	0xff, 0xff, 0xff, 0xff, 0xff, 0xff, 0x00, 0x00, 0x00, 0x3f, 0xff, 0xff, 0xff, 0xff, 0xff, 0xff, 
	0xff, 0xff, 0xff, 0xff, 0xff, 0xfc, 0x00, 0x00, 0x00, 0x03, 0xff, 0xff, 0xff, 0xff, 0xff, 0xff, 
	0xff, 0xff, 0xff, 0xff, 0xff, 0xf0, 0x00, 0x00, 0x00, 0x00, 0x7f, 0xff, 0xff, 0xff, 0xff, 0xff, 
	0xff, 0xff, 0xff, 0xff, 0xff, 0xc0, 0x00, 0x00, 0x00, 0x00, 0x0f, 0xff, 0xff, 0xff, 0xff, 0xff, 
	0xff, 0xff, 0xff, 0xff, 0xff, 0x80, 0x00, 0x00, 0x00, 0x00, 0x03, 0xff, 0xff, 0xff, 0xff, 0xff, 
	0xff, 0xff, 0xff, 0xff, 0xff, 0x00, 0x00, 0x00, 0x00, 0x00, 0x01, 0xff, 0xff, 0xff, 0xff, 0xff, 
	0xff, 0xff, 0xff, 0xff, 0xfe, 0x00, 0x00, 0x00, 0x00, 0x00, 0x00, 0xff, 0xff, 0xff, 0xff, 0xff, 
	0xff, 0xff, 0xff, 0xff, 0xfc, 0x00, 0x00, 0x00, 0x00, 0x00, 0x00, 0x7f, 0xff, 0xff, 0xff, 0xff, 
	0xff, 0xff, 0xff, 0xff, 0xfc, 0x00, 0x00, 0x00, 0x00, 0x00, 0x00, 0x3f, 0xff, 0xff, 0xff, 0xff, 
	0xff, 0xff, 0xff, 0xff, 0xf8, 0x00, 0x00, 0x00, 0x00, 0x00, 0x00, 0x1f, 0xff, 0xff, 0xff, 0xff, 
	0xff, 0xff, 0xff, 0xff, 0xf0, 0x00, 0x00, 0x7f, 0xfe, 0x00, 0x00, 0x0f, 0xff, 0xff, 0xff, 0xff, 
	0xff, 0xff, 0xff, 0xff, 0xe0, 0x00, 0x03, 0xff, 0xff, 0xc0, 0x00, 0x0f, 0xff, 0xff, 0xff, 0xff, 
	0xff, 0xff, 0xff, 0xff, 0xc0, 0x00, 0x0f, 0xff, 0xff, 0xf0, 0x00, 0x07, 0xff, 0xff, 0xff, 0xff, 
	0xff, 0xff, 0xff, 0xff, 0x80, 0x00, 0x1f, 0xff, 0xff, 0xfc, 0x00, 0x03, 0xff, 0xff, 0xff, 0xff, 
	0xff, 0xff, 0xff, 0xff, 0x00, 0x00, 0x7f, 0xff, 0xff, 0xfe, 0x00, 0x03, 0xff, 0xff, 0xff, 0xff, 
	0xff, 0xff, 0xff, 0xfe, 0x00, 0x00, 0x7f, 0xff, 0xff, 0xff, 0x00, 0x01, 0xff, 0xff, 0xff, 0xff, 
	0xff, 0xff, 0xff, 0xfc, 0x00, 0x00, 0xff, 0xff, 0xff, 0xff, 0x80, 0x00, 0xff, 0xff, 0xff, 0xff, 
	0xff, 0xff, 0xff, 0xf8, 0x00, 0x01, 0xff, 0xff, 0xff, 0xff, 0xc0, 0x00, 0xff, 0xff, 0xff, 0xff, 
	0xff, 0xff, 0xff, 0xf0, 0x00, 0x03, 0xff, 0xff, 0xff, 0xff, 0xe0, 0x00, 0x7f, 0xff, 0xff, 0xff, 
	0xff, 0xff, 0xff, 0xe0, 0x00, 0x07, 0xff, 0xff, 0xff, 0xff, 0xe0, 0x00, 0x7f, 0xff, 0xff, 0xff, 
	0xff, 0xff, 0xff, 0xc0, 0x00, 0x07, 0xff, 0xff, 0xff, 0xff, 0xf0, 0x00, 0x3f, 0xff, 0xff, 0xff, 
	0xff, 0xff, 0xff, 0xc0, 0x00, 0x07, 0xff, 0xff, 0xff, 0xff, 0xf0, 0x00, 0x3f, 0xff, 0xff, 0xff, 
	0xff, 0xff, 0xff, 0x80, 0x00, 0x0f, 0xff, 0xff, 0xff, 0xff, 0xf8, 0x00, 0x1f, 0xff, 0xff, 0xff, 
	0xff, 0xff, 0xff, 0x00, 0x00, 0x0f, 0xff, 0xff, 0xff, 0xff, 0xf8, 0x00, 0x1f, 0xff, 0xff, 0xff, 
	0xff, 0xff, 0xfe, 0x00, 0x00, 0x1f, 0xff, 0xff, 0xff, 0xff, 0xf8, 0x00, 0x0f, 0xff, 0xff, 0xff, 
	0xff, 0xff, 0xfe, 0x00, 0x00, 0x1f, 0xff, 0xff, 0xff, 0xff, 0xfc, 0x00, 0x07, 0xff, 0xff, 0xff, 
	0xff, 0xff, 0xfc, 0x00, 0x00, 0x1f, 0xff, 0xff, 0xff, 0xff, 0xfc, 0x00, 0x07, 0xff, 0xff, 0xff, 
	0xff, 0xff, 0xf8, 0x00, 0x00, 0x1f, 0xff, 0xff, 0xff, 0xff, 0xfc, 0x00, 0x03, 0xff, 0xff, 0xff, 
	0xff, 0xff, 0xf8, 0x00, 0x00, 0x1f, 0x00, 0x0f, 0xff, 0x00, 0x7e, 0x00, 0x03, 0xff, 0xff, 0xff, 
	0xff, 0xff, 0xf0, 0x00, 0x00, 0x1c, 0x7c, 0x3f, 0xff, 0x03, 0x0e, 0x00, 0x03, 0xff, 0xff, 0xff, 
	0xff, 0xff, 0xf0, 0x00, 0x00, 0x39, 0xff, 0xff, 0xff, 0xff, 0xe6, 0x00, 0x03, 0xff, 0xff, 0xff, 
	0xff, 0xff, 0xf0, 0x00, 0x00, 0x3b, 0xfe, 0x3f, 0xff, 0xff, 0xf6, 0x00, 0x01, 0xff, 0xff, 0xff, 
	0xff, 0xff, 0xf8, 0x00, 0x00, 0x3f, 0x80, 0x4f, 0xff, 0x38, 0xff, 0x00, 0x01, 0xff, 0xff, 0xff, 
	0xff, 0xff, 0xf8, 0x00, 0x00, 0x3f, 0x00, 0x0f, 0xfe, 0x00, 0x3f, 0x00, 0x00, 0xff, 0xff, 0xff, 
	0xff, 0xff, 0xfc, 0x00, 0x00, 0x3e, 0x10, 0x6f, 0xfe, 0x43, 0x1f, 0x00, 0x00, 0xff, 0xff, 0xff, 
	0xff, 0xff, 0xf8, 0x00, 0x00, 0x3e, 0x30, 0xef, 0xff, 0xc3, 0x1e, 0x00, 0x00, 0x7f, 0xff, 0xff, 
	0xff, 0xff, 0xf0, 0x00, 0x00, 0x3f, 0xff, 0xff, 0xff, 0xfc, 0x7e, 0x00, 0x00, 0x3f, 0xff, 0xff, 
	0xff, 0xff, 0xe4, 0x00, 0x00, 0x1f, 0xff, 0xff, 0xff, 0xff, 0xfe, 0x00, 0x00, 0x1f, 0xff, 0xff, 
	0xff, 0xff, 0xec, 0x00, 0x00, 0x1f, 0xff, 0xff, 0xff, 0xff, 0xfe, 0x00, 0x00, 0x1f, 0xff, 0xff, 
	0xff, 0xff, 0xfc, 0x00, 0x00, 0x0f, 0xff, 0xff, 0xff, 0xff, 0xfe, 0x00, 0x00, 0x1f, 0xff, 0xff, 
	0xff, 0xff, 0xfc, 0x00, 0x00, 0x0f, 0xff, 0xff, 0xff, 0xff, 0xfe, 0x00, 0x00, 0x3f, 0xff, 0xff, 
	0xff, 0xff, 0xf8, 0x00, 0x00, 0x07, 0xff, 0xff, 0xff, 0xff, 0xfe, 0x00, 0x00, 0x3f, 0xff, 0xff, 
	0xff, 0xff, 0xf0, 0x00, 0x00, 0x07, 0xff, 0xff, 0xff, 0xff, 0xfe, 0x00, 0x00, 0x7f, 0xff, 0xff, 
	0xff, 0xff, 0xf0, 0x00, 0x00, 0x07, 0xff, 0xff, 0xff, 0xff, 0xfe, 0x00, 0x00, 0x7f, 0xff, 0xff, 
	0xff, 0xff, 0xe0, 0x00, 0x00, 0x07, 0xff, 0xff, 0xff, 0xff, 0xfc, 0x00, 0x00, 0x03, 0xff, 0xff, 
	0xff, 0xff, 0xe0, 0x00, 0x00, 0x07, 0xff, 0xfc, 0x39, 0xff, 0xfc, 0x00, 0x00, 0x27, 0xff, 0xff, 
	0xff, 0xff, 0xc0, 0x00, 0x00, 0x07, 0xff, 0xf0, 0x00, 0xff, 0xfc, 0x00, 0x00, 0x2f, 0xff, 0xff, 
	0xff, 0xff, 0x80, 0x00, 0x00, 0x07, 0xff, 0xff, 0xff, 0xff, 0xfc, 0x00, 0x00, 0x1f, 0xff, 0xff, 
	0xff, 0xff, 0x80, 0x00, 0x00, 0x07, 0xff, 0xff, 0xff, 0xff, 0xfc, 0x00, 0x00, 0x1f, 0xff, 0xff, 
	0xff, 0xff, 0x00, 0x00, 0x00, 0x07, 0xff, 0xff, 0xff, 0xff, 0xfc, 0x00, 0x00, 0x3f, 0xff, 0xff, 
	0xff, 0xff, 0x00, 0x00, 0x00, 0x0f, 0xff, 0xff, 0xff, 0xff, 0xfc, 0x00, 0x00, 0x7f, 0xff, 0xff, 
	0xff, 0xff, 0x00, 0x00, 0x00, 0x0f, 0xff, 0xff, 0xff, 0xff, 0xfc, 0x00, 0x00, 0x1f, 0xff, 0xff, 
	0xff, 0xff, 0x00, 0x00, 0x00, 0x0f, 0xff, 0xff, 0xe7, 0xff, 0xfc, 0x00, 0x00, 0x0f, 0xff, 0xff, 
	0xff, 0xff, 0x00, 0x00, 0x00, 0x0f, 0xff, 0xf0, 0x01, 0xff, 0xfc, 0x00, 0x00, 0x07, 0xff, 0xff, 
	0xff, 0xff, 0x00, 0x00, 0x00, 0x0f, 0xff, 0x00, 0x00, 0x1f, 0xf8, 0x00, 0x00, 0x03, 0xff, 0xff, 
	0xff, 0xff, 0x80, 0x00, 0x00, 0x0f, 0xff, 0x80, 0x00, 0x7f, 0xf8, 0x00, 0x00, 0x01, 0xff, 0xff, 
	0xff, 0xff, 0x00, 0x00, 0x00, 0x07, 0xff, 0xf8, 0x03, 0xff, 0xf8, 0x00, 0x00, 0x01, 0xff, 0xff, 
	0xff, 0xff, 0x00, 0x00, 0x00, 0x07, 0xff, 0xff, 0xff, 0xff, 0xf8, 0x00, 0x00, 0x01, 0xff, 0xff, 
	0xff, 0xfe, 0x00, 0x00, 0x00, 0x07, 0xff, 0xff, 0xff, 0xff, 0xf0, 0x00, 0x00, 0x01, 0xff, 0xff, 
	0xff, 0xfe, 0x00, 0x00, 0x00, 0x03, 0xff, 0xff, 0xff, 0xff, 0xf0, 0x00, 0x00, 0x00, 0xff, 0xff, 
	0xff, 0xfe, 0x00, 0x00, 0x00, 0x01, 0xff, 0xff, 0xff, 0xff, 0xe0, 0x00, 0x00, 0x00, 0xff, 0xff, 
	0xff, 0xfe, 0x00, 0x00, 0x00, 0x00, 0xff, 0xff, 0xff, 0xff, 0xc0, 0x00, 0x00, 0x00, 0xff, 0xff, 
	0xff, 0xfe, 0x00, 0x00, 0x00, 0x00, 0x7f, 0xff, 0xff, 0xff, 0x80, 0x00, 0x00, 0x00, 0x7f, 0xff, 
	0xff, 0xfe, 0x00, 0x00, 0x00, 0x00, 0x3f, 0xff, 0xff, 0xfc, 0x40, 0x00, 0x00, 0x00, 0x1f, 0xff, 
	0xff, 0xff, 0x00, 0x00, 0x00, 0x00, 0x01, 0xff, 0xff, 0xf0, 0x80, 0x00, 0x00, 0x00, 0x0f, 0xff, 
	0xff, 0xff, 0x00, 0x00, 0x00, 0x00, 0xc0, 0xff, 0xff, 0xc3, 0x00, 0x00, 0x00, 0x00, 0x0f, 0xff, 
	0xff, 0xff, 0x80, 0x00, 0x00, 0x00, 0xf8, 0x3f, 0xfe, 0x0f, 0x00, 0x00, 0x00, 0x00, 0x3f, 0xff, 
	0xff, 0xff, 0x80, 0x00, 0x00, 0x00, 0x7e, 0x00, 0xc0, 0x7e, 0x00, 0x00, 0x00, 0x00, 0x7f, 0xff, 
	0xff, 0xff, 0x80, 0x00, 0x00, 0x00, 0x7f, 0xc0, 0x07, 0xfe, 0x00, 0x00, 0x00, 0x00, 0x7f, 0xff, 
	0xff, 0xff, 0xc0, 0x00, 0x00, 0x00, 0x7f, 0xff, 0xff, 0xfc, 0x00, 0x00, 0x00, 0x00, 0x7f, 0xff, 
	0xff, 0xff, 0xe0, 0x00, 0x00, 0x00, 0xff, 0xff, 0xff, 0xfc, 0x00, 0x00, 0x00, 0x00, 0x0f, 0xff, 
	0xff, 0xff, 0xe0, 0x00, 0x00, 0x00, 0xff, 0xff, 0xff, 0xfc, 0x00, 0x00, 0x00, 0x00, 0x0f, 0xff, 
	0xff, 0xff, 0xe0, 0x00, 0x00, 0x01, 0xff, 0xff, 0xff, 0xfc, 0x00, 0x00, 0x00, 0x00, 0x03, 0xff, 
	0xff, 0xff, 0x00, 0x00, 0x00, 0x00, 0xff, 0xff, 0xff, 0xfe, 0x00, 0x00, 0x00, 0x00, 0x01, 0xff, 
	0xff, 0xf0, 0xc0, 0x00, 0x00, 0x00, 0x7f, 0xff, 0xff, 0xfe, 0x20, 0x00, 0x00, 0x00, 0x03, 0xff, 
	0xff, 0xf2, 0x80, 0x00, 0x00, 0x00, 0x3f, 0xff, 0xff, 0xff, 0xe0, 0x00, 0x00, 0x00, 0x01, 0xff, 
	0xff, 0xf6, 0x00, 0x00, 0x00, 0x00, 0x3f, 0xff, 0xff, 0xff, 0xc0, 0x00, 0x00, 0x00, 0x00, 0xff, 
	0xff, 0xf6, 0x00, 0x00, 0x00, 0x00, 0x7f, 0xff, 0xff, 0xff, 0xc0, 0x00, 0x00, 0x00, 0x00, 0xff, 
	0xff, 0xf6, 0x00, 0x00, 0x00, 0x00, 0xff, 0xff, 0xff, 0xff, 0xe0, 0x00, 0x00, 0x00, 0x01, 0xff, 
	0xff, 0xf8, 0x00, 0x00, 0x00, 0x01, 0xff, 0xff, 0xff, 0xff, 0xe0, 0x00, 0x00, 0x00, 0x01, 0xff, 
	0xff, 0xf8, 0x00, 0x00, 0x00, 0x01, 0xff, 0xff, 0xff, 0xff, 0xe0, 0x00, 0x00, 0x00, 0x01, 0xff, 
	0xff, 0xf8, 0x00, 0x00, 0x00, 0x01, 0xff, 0xff, 0xff, 0xff, 0xe0, 0x00, 0x00, 0x00, 0x07, 0xff, 
	0xff, 0xf8, 0x00, 0x00, 0x00, 0x01, 0xff, 0xff, 0xff, 0xff, 0xe0, 0x00, 0x00, 0x00, 0x07, 0xff, 
	0xff, 0xf8, 0x00, 0x00, 0x00, 0x01, 0xff, 0xff, 0xff, 0xff, 0xe0, 0x00, 0x00, 0x03, 0xff, 0xff, 
	0xff, 0xfc, 0x00, 0x00, 0x00, 0x00, 0x7f, 0xff, 0xff, 0xff, 0xe0, 0x00, 0x00, 0x07, 0xff, 0xff, 
	0xff, 0xfe, 0x00, 0x00, 0x00, 0x00, 0x7f, 0xff, 0xff, 0xff, 0xe0, 0x00, 0x00, 0x03, 0xff, 0xff, 
	0xff, 0xff, 0x00, 0x00, 0x00, 0x00, 0x7f, 0xff, 0xff, 0xff, 0xf0, 0x00, 0x00, 0x00, 0xff, 0xff, 
	0xff, 0xff, 0xe0, 0x00, 0x00, 0x00, 0xff, 0xff, 0xff, 0xff, 0xf8, 0x00, 0x00, 0x00, 0x7f, 0xff, 
	0xff, 0xff, 0x80, 0x00, 0x00, 0x00, 0xff, 0xff, 0xff, 0xff, 0xff, 0x00, 0x00, 0x00, 0x1f, 0xff, 
	0xff, 0xff, 0x00, 0x00, 0x00, 0x01, 0xff, 0xff, 0xff, 0xff, 0xfe, 0x00, 0x00, 0x00, 0x0f, 0xff, 
	0xff, 0xf8, 0x00, 0x00, 0x00, 0x00, 0xff, 0xff, 0xff, 0xff, 0xc0, 0x00, 0x00, 0x00, 0x0f, 0xff, 
	0xff, 0xf0, 0x00, 0x00, 0x00, 0x00, 0x7f, 0xff, 0xff, 0xff, 0xc0, 0x00, 0x00, 0x00, 0x0f, 0xff, 
	0xff, 0xf0, 0x00, 0x00, 0x00, 0x00, 0x3f, 0xff, 0xff, 0xff, 0xc0, 0x00, 0x00, 0x00, 0x0f, 0xff, 
	0xff, 0xc0, 0x00, 0x00, 0x00, 0x00, 0x1f, 0xff, 0xff, 0xff, 0xc0, 0x00, 0x00, 0x00, 0x03, 0xff, 
	0xff, 0xc0, 0x00, 0xff, 0xc0, 0x00, 0x1f, 0xff, 0xff, 0xff, 0xc0, 0x00, 0x00, 0x00, 0x03, 0xff, 
	0xff, 0xc0, 0x00, 0x3f, 0x80, 0x00, 0x1f, 0xff, 0xff, 0xff, 0xc0, 0x00, 0x00, 0x00, 0x3f, 0xff, 
	0xff, 0xe0, 0x00, 0x3f, 0xc0, 0x00, 0x1f, 0xff, 0xff, 0xff, 0xe0, 0x00, 0x00, 0x00, 0x1f, 0xff, 
	0xff, 0xe0, 0x00, 0x1f, 0xc0, 0x00, 0x1f, 0xff, 0xff, 0xff, 0xfc, 0x00, 0x00, 0x00, 0x1f, 0xff, 
	0xff, 0xf0, 0x0c, 0x1f, 0xf8, 0x00, 0x3f, 0xff, 0xff, 0xff, 0xf8, 0x00, 0x00, 0x00, 0x1f, 0xff, 
	0xff, 0xf8, 0x1e, 0x0f, 0xff, 0x80, 0x3f, 0xff, 0xff, 0xff, 0xfc, 0x00, 0x00, 0x00, 0x1f, 0xff, 
	0xff, 0xf8, 0x3f, 0x0f, 0xff, 0xd0, 0xff, 0xff, 0xff, 0xff, 0xf8, 0x00, 0x00, 0x00, 0x1f, 0xff, 
	0xff, 0xf8, 0x7f, 0x07, 0xff, 0xff, 0xff, 0xff, 0xff, 0xff, 0xf8, 0x07, 0x00, 0x03, 0x1f, 0xff, 
	0xff, 0xf8, 0x7f, 0x81, 0xff, 0xff, 0xff, 0xff, 0xff, 0xff, 0xf8, 0x87, 0x00, 0x07, 0xff, 0xff, 
	0xff, 0xfe, 0x3f, 0xe3, 0xff, 0xff, 0xff, 0xff, 0xff, 0xff, 0xf0, 0xe3, 0xf0, 0x3f, 0xff, 0xff, 
	0xff, 0xff, 0x1f, 0xff, 0xff, 0xff, 0xff, 0xff, 0xff, 0xff, 0xf1, 0xf3, 0xff, 0xff, 0xff, 0xff, 
	0xff, 0xff, 0x0f, 0xff, 0xff, 0xff, 0xff, 0xff, 0xff, 0xff, 0xef, 0xfb, 0xff, 0xff, 0xff, 0xff, 
	0xff, 0xff, 0xff, 0xff, 0xff, 0xff, 0xff, 0xff, 0xff, 0xff, 0xff, 0xff, 0xff, 0xff, 0xff, 0xff, 
	0xff, 0xff, 0xff, 0xff, 0xff, 0xff, 0xff, 0xff, 0xff, 0xff, 0xff, 0xff, 0xff, 0xff, 0xff, 0xff, 
	0xff, 0xff, 0xff, 0xff, 0xff, 0xff, 0xff, 0xff, 0xff, 0xff, 0xff, 0xff, 0xff, 0xff, 0xff, 0xff, 
	0xff, 0xff, 0xff, 0xff, 0xff, 0xff, 0xff, 0xff, 0xff, 0xff, 0xff, 0xff, 0xff, 0xff, 0xff, 0xff, 
	0xff, 0xff, 0xff, 0xff, 0xff, 0xff, 0xff, 0xff, 0xff, 0xff, 0xff, 0xff, 0xff, 0xff, 0xff, 0xff, 
	0xff, 0xff, 0xff, 0xff, 0xff, 0xff, 0xff, 0xff, 0xff, 0xff, 0xff, 0xff, 0xff, 0xff, 0xff, 0xff, 
	0xff, 0xff, 0xff, 0xff, 0xff, 0xff, 0xff, 0xff, 0xff, 0xff, 0xff, 0xff, 0xff, 0xff, 0xff, 0xff, 
	0xff, 0xff, 0xff, 0xff, 0xff, 0xff, 0xff, 0xff, 0xff, 0xff, 0xff, 0xff, 0xff, 0xff, 0xff, 0xff, 
	0xff, 0xff, 0xff, 0xff, 0xff, 0xff, 0xff, 0xff, 0xff, 0xff, 0xff, 0xff, 0xff, 0xff, 0xff, 0xff, 
	0xff, 0xff, 0xff, 0xff, 0xff, 0xff, 0xff, 0xff, 0xff, 0xff, 0xff, 0xff, 0xff, 0xff, 0xff, 0xff, 
	0xff, 0xff, 0xff, 0xff, 0xff, 0xff, 0xff, 0xff, 0xff, 0xff, 0xff, 0xff, 0xff, 0xff, 0xff, 0xff, 
	0xff, 0xff, 0xff, 0xff, 0xff, 0xff, 0xff, 0xff, 0xff, 0xff, 0xff, 0xff, 0xff, 0xff, 0xff, 0xff, 
	0xff, 0xff, 0xff, 0xff, 0xff, 0xff, 0xff, 0xff, 0xff, 0xff, 0xff, 0xff, 0xff, 0xff, 0xff, 0xff
};
// 'angela', 128x128px
const unsigned char epd_bitmap_angela [] PROGMEM = {
	0xff, 0xff, 0xff, 0xff, 0xff, 0xff, 0xff, 0xff, 0xff, 0xff, 0xff, 0xff, 0xff, 0xff, 0xff, 0xff, 
	0xff, 0xff, 0xff, 0xff, 0xff, 0xff, 0xff, 0xff, 0xff, 0xff, 0xff, 0xff, 0xff, 0xff, 0xff, 0xff, 
	0xff, 0xff, 0xff, 0xff, 0xff, 0xff, 0xff, 0xff, 0xff, 0xff, 0xff, 0xff, 0xff, 0xff, 0xff, 0xff, 
	0xff, 0xff, 0xff, 0xff, 0xff, 0xff, 0xff, 0xff, 0xff, 0xff, 0xff, 0xff, 0xff, 0xff, 0xff, 0xff, 
	0xff, 0xff, 0xff, 0xff, 0xff, 0xff, 0xff, 0xff, 0xff, 0xff, 0xff, 0xff, 0xff, 0xff, 0xff, 0xff, 
	0xff, 0xff, 0xff, 0xff, 0xff, 0xff, 0xff, 0xff, 0xff, 0xff, 0xff, 0xff, 0xff, 0xff, 0xff, 0xff, 
	0xff, 0xff, 0xff, 0xff, 0xff, 0xff, 0xff, 0xe8, 0x0f, 0xff, 0xff, 0xff, 0xff, 0xff, 0xff, 0xff, 
	0xff, 0xff, 0xff, 0xff, 0xff, 0xff, 0xf8, 0x00, 0x03, 0xff, 0xff, 0xff, 0xff, 0xff, 0xff, 0xff, 
	0xff, 0xff, 0xff, 0xff, 0xff, 0xff, 0xc0, 0x00, 0x21, 0x9f, 0xff, 0xff, 0xff, 0xff, 0xff, 0xff, 
	0xff, 0xff, 0xff, 0xff, 0xff, 0xff, 0x00, 0x00, 0x1c, 0xc1, 0xff, 0xff, 0xff, 0xff, 0xff, 0xff, 
	0xff, 0xff, 0xff, 0xff, 0xff, 0xfc, 0x00, 0x01, 0x0b, 0xe0, 0xff, 0xff, 0xff, 0xff, 0xff, 0xff, 
	0xff, 0xff, 0xff, 0xff, 0xff, 0xf0, 0x00, 0x00, 0x76, 0x00, 0x3f, 0xff, 0xff, 0xff, 0xff, 0xff, 
	0xff, 0xff, 0xff, 0xff, 0xff, 0xc0, 0x00, 0x00, 0x9e, 0x00, 0x1f, 0xff, 0xff, 0xff, 0xff, 0xff, 
	0xff, 0xff, 0xff, 0xff, 0xff, 0x80, 0x00, 0x32, 0x7f, 0x00, 0x0f, 0xff, 0xff, 0xff, 0xff, 0xff, 
	0xff, 0xff, 0xff, 0xff, 0xff, 0x00, 0x00, 0x0d, 0x7e, 0x00, 0x03, 0xff, 0xff, 0xff, 0xff, 0xff, 
	0xff, 0xff, 0xff, 0xff, 0xfc, 0x00, 0x00, 0x77, 0xf0, 0x00, 0x01, 0xff, 0xff, 0xff, 0xff, 0xff, 
	0xff, 0xff, 0xff, 0xff, 0xf8, 0x00, 0x01, 0xfb, 0xe0, 0x00, 0x00, 0x7f, 0xff, 0xff, 0xff, 0xff, 
	0xff, 0xff, 0xff, 0xff, 0xf0, 0x00, 0x04, 0x1f, 0x80, 0x00, 0x00, 0x3f, 0xff, 0xff, 0xff, 0xff, 
	0xff, 0xff, 0xff, 0xff, 0xe0, 0x00, 0x01, 0x01, 0x00, 0x00, 0x00, 0x1f, 0xff, 0xff, 0xff, 0xff, 
	0xff, 0xff, 0xff, 0xff, 0xc0, 0x00, 0x3f, 0xff, 0xff, 0xc0, 0x00, 0x0f, 0xff, 0xff, 0xff, 0xff, 
	0xff, 0xff, 0xff, 0xff, 0x80, 0x00, 0xff, 0xff, 0xff, 0x00, 0x00, 0x0f, 0xff, 0xff, 0xff, 0xff, 
	0xff, 0xff, 0xff, 0xff, 0x80, 0x03, 0xff, 0xff, 0xff, 0xe0, 0x00, 0x07, 0xff, 0xff, 0xff, 0xff, 
	0xff, 0xff, 0xff, 0xff, 0x00, 0x0f, 0xff, 0xff, 0xff, 0xf0, 0x00, 0x07, 0xff, 0xff, 0xff, 0xff, 
	0xff, 0xff, 0xff, 0xfe, 0x00, 0x1f, 0xff, 0xff, 0xff, 0xf0, 0x00, 0x03, 0xff, 0xff, 0xff, 0xff, 
	0xff, 0xff, 0xff, 0xfe, 0x00, 0x3f, 0xff, 0xff, 0xff, 0xe0, 0x00, 0x03, 0xff, 0xff, 0xff, 0xff, 
	0xff, 0xff, 0xff, 0xfe, 0x00, 0xff, 0xff, 0xff, 0xff, 0xe0, 0x00, 0x01, 0xff, 0xff, 0xff, 0xff, 
	0xff, 0xff, 0xff, 0xfc, 0x01, 0xff, 0xff, 0xff, 0xff, 0xe0, 0x00, 0x01, 0xff, 0xff, 0xff, 0xff, 
	0xff, 0xff, 0xff, 0xfc, 0x03, 0xff, 0xff, 0xff, 0xff, 0xe0, 0x00, 0x01, 0xff, 0xff, 0xff, 0xff, 
	0xff, 0xff, 0xff, 0xf8, 0x07, 0xff, 0xff, 0xff, 0xff, 0xe0, 0x00, 0x00, 0xff, 0xff, 0xff, 0xff, 
	0xff, 0xff, 0xff, 0xf8, 0x0f, 0xff, 0xff, 0xff, 0xff, 0xf8, 0x00, 0x00, 0xff, 0xff, 0xff, 0xff, 
	0xff, 0xff, 0xff, 0xf8, 0x0f, 0xff, 0xff, 0xff, 0xff, 0xf8, 0x00, 0x00, 0xff, 0xff, 0xff, 0xff, 
	0xff, 0xff, 0xff, 0xf0, 0x1f, 0xff, 0xff, 0xff, 0xff, 0xfc, 0x00, 0x00, 0xff, 0xff, 0xff, 0xff, 
	0xff, 0xff, 0xff, 0xf0, 0x1f, 0xff, 0xff, 0xff, 0xff, 0xfc, 0x00, 0x00, 0xff, 0xff, 0xff, 0xff, 
	0xff, 0xff, 0xff, 0xf0, 0x3f, 0xff, 0xff, 0xff, 0xff, 0xfe, 0x00, 0x00, 0x7f, 0xff, 0xff, 0xff, 
	0xff, 0xff, 0xff, 0xf2, 0x3f, 0xff, 0xff, 0xff, 0xff, 0xff, 0x00, 0x00, 0x7f, 0xff, 0xff, 0xff, 
	0xff, 0xff, 0xff, 0xf2, 0x7f, 0xff, 0xff, 0xff, 0x88, 0xff, 0x00, 0x00, 0x7f, 0xff, 0xff, 0xff, 
	0xff, 0xff, 0xff, 0xf2, 0x7f, 0xff, 0xff, 0xfc, 0x7f, 0x3f, 0x80, 0x00, 0x7f, 0xff, 0xff, 0xff, 
	0xff, 0xff, 0xff, 0xe2, 0x7f, 0xff, 0xff, 0xe0, 0xff, 0x9f, 0x80, 0x00, 0x3f, 0xff, 0xff, 0xff, 
	0xff, 0xff, 0xff, 0xe2, 0xff, 0xff, 0xff, 0xe1, 0xff, 0xff, 0x80, 0x00, 0x3f, 0xff, 0xff, 0xff, 
	0xff, 0xff, 0xff, 0xe3, 0xf0, 0x07, 0xff, 0xc7, 0xdf, 0xff, 0xc0, 0x00, 0x3f, 0xff, 0xff, 0xff, 
	0xff, 0xff, 0xff, 0xe3, 0xaf, 0x01, 0xff, 0xbe, 0x03, 0xff, 0xc0, 0x00, 0x3f, 0xff, 0xff, 0xff, 
	0xff, 0xff, 0xff, 0xe3, 0x9f, 0xff, 0xff, 0x3a, 0x01, 0xff, 0xc0, 0x00, 0x1f, 0xff, 0xff, 0xff, 
	0xff, 0xff, 0xff, 0xe0, 0x3f, 0x87, 0xfe, 0x76, 0x0f, 0xff, 0xc0, 0x00, 0x1f, 0xff, 0xff, 0xff, 
	0xff, 0xff, 0xff, 0xe0, 0x3c, 0x01, 0xfe, 0x6f, 0xbf, 0xff, 0xc0, 0x00, 0x1f, 0xff, 0xff, 0xff, 
	0xff, 0xff, 0xff, 0xe0, 0x3c, 0xc3, 0xfc, 0x7f, 0xff, 0xff, 0xc0, 0x00, 0x1f, 0xff, 0xff, 0xff, 
	0xff, 0xff, 0xff, 0xe0, 0x3f, 0xff, 0xfc, 0xff, 0xff, 0xff, 0xc0, 0x00, 0x1f, 0xff, 0xff, 0xff, 
	0xff, 0xff, 0xff, 0xe0, 0x3f, 0xff, 0xff, 0xff, 0xff, 0xff, 0xc0, 0x00, 0x0f, 0xff, 0xff, 0xff, 
	0xff, 0xff, 0xff, 0xe0, 0x3f, 0xff, 0xff, 0xff, 0xff, 0xff, 0x80, 0x00, 0x0f, 0xff, 0xff, 0xff, 
	0xff, 0xff, 0xff, 0xc0, 0x3f, 0xff, 0xff, 0xff, 0xff, 0xff, 0x01, 0x00, 0x0f, 0xff, 0xff, 0xff, 
	0xff, 0xff, 0xff, 0xc0, 0x3f, 0xff, 0xff, 0xff, 0xff, 0xff, 0x03, 0x00, 0x0f, 0xff, 0xff, 0xff, 
	0xff, 0xff, 0xff, 0xc0, 0x3f, 0xff, 0xfd, 0xff, 0xff, 0xfe, 0x02, 0x00, 0x0f, 0xff, 0xff, 0xff, 
	0xff, 0xff, 0xff, 0xc0, 0x3f, 0xff, 0xfc, 0xff, 0xff, 0xfe, 0x02, 0x00, 0x0f, 0xff, 0xff, 0xff, 
	0xff, 0xff, 0xff, 0xc0, 0x7f, 0xff, 0xfc, 0x7f, 0xff, 0xfe, 0x03, 0xc0, 0x07, 0xff, 0xff, 0xff, 
	0xff, 0xff, 0xff, 0xc0, 0x5f, 0xff, 0xfc, 0x5f, 0xff, 0xfc, 0x03, 0xc0, 0x07, 0xff, 0xff, 0xff, 
	0xff, 0xff, 0xff, 0xc0, 0x5f, 0xff, 0xff, 0xef, 0xff, 0xfc, 0x07, 0xc0, 0x07, 0xff, 0xff, 0xff, 
	0xff, 0xff, 0xff, 0xc0, 0x7f, 0xff, 0xff, 0xef, 0xff, 0xfc, 0x07, 0x40, 0x07, 0xff, 0xff, 0xff, 
	0xff, 0xff, 0xff, 0xc0, 0x2f, 0xff, 0xfc, 0x0f, 0xff, 0xfc, 0x07, 0xc0, 0x07, 0xff, 0xff, 0xff, 
	0xff, 0xff, 0xff, 0xc0, 0x3f, 0xff, 0x78, 0xbf, 0xff, 0xfc, 0x01, 0x40, 0x07, 0xff, 0xff, 0xff, 
	0xff, 0xff, 0xff, 0xc0, 0x2f, 0xff, 0xb7, 0xff, 0xff, 0xfc, 0x00, 0x40, 0x07, 0xff, 0xff, 0xff, 
	0xff, 0xff, 0xff, 0xc0, 0x0f, 0xff, 0xff, 0xff, 0xff, 0xfc, 0x00, 0x40, 0x07, 0xff, 0xff, 0xff, 
	0xff, 0xff, 0xff, 0xc0, 0x07, 0xff, 0xff, 0xff, 0xff, 0xfe, 0x00, 0x00, 0x03, 0xff, 0xff, 0xff, 
	0xff, 0xff, 0xff, 0xc0, 0x07, 0xff, 0xff, 0xff, 0xff, 0xfe, 0x00, 0x00, 0x03, 0xff, 0xff, 0xff, 
	0xff, 0xff, 0xff, 0xc0, 0x07, 0xff, 0xff, 0x81, 0xff, 0xfe, 0x00, 0x00, 0x03, 0xff, 0xff, 0xff, 
	0xff, 0xff, 0xff, 0xc0, 0x0f, 0xff, 0x80, 0x00, 0x7f, 0xfc, 0x08, 0x00, 0x03, 0xff, 0xff, 0xff, 
	0xff, 0xff, 0xff, 0xc0, 0x03, 0xfc, 0x00, 0x01, 0xff, 0xfc, 0x10, 0x00, 0x03, 0xff, 0xff, 0xff, 
	0xff, 0xff, 0xff, 0xe0, 0x07, 0xfe, 0x00, 0x03, 0xff, 0xfc, 0x10, 0x00, 0x03, 0xff, 0xff, 0xff, 
	0xff, 0xff, 0xff, 0xe0, 0x0b, 0xff, 0x00, 0x07, 0xff, 0xfc, 0x30, 0x00, 0x03, 0xff, 0xff, 0xff, 
	0xff, 0xff, 0xff, 0xe0, 0x0f, 0xff, 0xc0, 0x3f, 0xff, 0xf8, 0x70, 0x00, 0x01, 0xff, 0xff, 0xff, 
	0xff, 0xff, 0xff, 0xe0, 0x06, 0xff, 0xff, 0xff, 0xff, 0xf0, 0xf0, 0x00, 0x01, 0xff, 0xff, 0xff, 
	0xff, 0xff, 0xff, 0xe0, 0x03, 0xff, 0xff, 0xff, 0xff, 0xf1, 0xf0, 0x00, 0x01, 0xff, 0xff, 0xff, 
	0xff, 0xff, 0xff, 0xe0, 0x00, 0x7f, 0xff, 0xff, 0xff, 0xe3, 0xf0, 0x00, 0x01, 0xff, 0xff, 0xff, 
	0xff, 0xff, 0xff, 0xe0, 0x00, 0x3f, 0xff, 0xff, 0xff, 0x8f, 0xf0, 0x00, 0x01, 0xff, 0xff, 0xff, 
	0xff, 0xff, 0xff, 0xe0, 0x00, 0x0f, 0xff, 0xff, 0xfe, 0x1f, 0xe0, 0x00, 0x00, 0xff, 0xff, 0xff, 
	0xff, 0xff, 0xff, 0xc0, 0x00, 0x07, 0xff, 0xff, 0xf8, 0x3f, 0xe0, 0x00, 0x00, 0xff, 0xff, 0xff, 
	0xff, 0xff, 0xff, 0xc0, 0x00, 0x03, 0xff, 0xff, 0xe0, 0xff, 0xe0, 0x00, 0x00, 0xff, 0xff, 0xff, 
	0xff, 0xff, 0xff, 0xc0, 0x00, 0x04, 0xff, 0xff, 0x87, 0xff, 0xe0, 0x00, 0x00, 0xff, 0xff, 0xff, 
	0xff, 0xff, 0xff, 0xe0, 0x00, 0x03, 0x3f, 0xfc, 0x1f, 0xff, 0xe4, 0x00, 0x01, 0xff, 0xff, 0xff, 
	0xff, 0xff, 0xff, 0xe0, 0x00, 0x03, 0xc0, 0x01, 0xff, 0xff, 0xe4, 0x00, 0x01, 0xff, 0xff, 0xff, 
	0xff, 0xff, 0xff, 0xe0, 0x00, 0x23, 0xff, 0xff, 0xff, 0xff, 0xe4, 0x00, 0x01, 0xff, 0xff, 0xff, 
	0xff, 0xff, 0xff, 0xe0, 0x00, 0x33, 0xff, 0xff, 0xff, 0xff, 0xec, 0x00, 0x01, 0xff, 0xff, 0xff, 
	0xff, 0xff, 0xff, 0xe0, 0x00, 0x1f, 0xff, 0xff, 0xff, 0xff, 0xec, 0x00, 0x01, 0xff, 0xff, 0xff, 
	0xff, 0xff, 0xff, 0xf0, 0x00, 0x1f, 0xff, 0xff, 0xff, 0xff, 0xec, 0x00, 0x01, 0xff, 0xff, 0xff, 
	0xff, 0xff, 0xff, 0xf0, 0x00, 0x1f, 0xff, 0xff, 0xff, 0xff, 0xea, 0x00, 0x00, 0xff, 0xff, 0xff, 
	0xff, 0xff, 0xff, 0xf0, 0x00, 0x0f, 0xff, 0xff, 0xff, 0xff, 0xfa, 0x00, 0x00, 0xff, 0xff, 0xff, 
	0xff, 0xff, 0xff, 0xf0, 0x00, 0x0f, 0xff, 0xff, 0xff, 0xff, 0xfc, 0x00, 0x01, 0xff, 0xff, 0xff, 
	0xff, 0xff, 0xff, 0xf0, 0x00, 0x07, 0xff, 0xff, 0xff, 0xff, 0xfc, 0x00, 0x01, 0xff, 0xff, 0xff, 
	0xff, 0xff, 0xff, 0xf0, 0x00, 0x17, 0xff, 0xff, 0xff, 0xff, 0xfc, 0x00, 0x01, 0xff, 0xff, 0xff, 
	0xff, 0xff, 0xff, 0xf0, 0x00, 0x1b, 0xff, 0xff, 0xff, 0xff, 0xfd, 0x00, 0x01, 0xff, 0xff, 0xff, 
	0xff, 0xff, 0xff, 0xf0, 0x00, 0x0f, 0xff, 0xff, 0xff, 0xff, 0xf9, 0x00, 0x03, 0xff, 0xff, 0xff, 
	0xff, 0xff, 0xff, 0xe0, 0x00, 0x07, 0xff, 0xff, 0xff, 0xff, 0xfb, 0x00, 0x03, 0xff, 0xff, 0xff, 
	0xff, 0xff, 0xff, 0xe0, 0x00, 0x07, 0xff, 0xff, 0xff, 0xff, 0xf6, 0x00, 0x03, 0xff, 0xff, 0xff, 
	0xff, 0xff, 0xff, 0xf0, 0x00, 0x0f, 0xff, 0xff, 0xff, 0xff, 0xfe, 0x00, 0x03, 0xff, 0xff, 0xff, 
	0xff, 0xff, 0xff, 0xf0, 0x00, 0x07, 0xff, 0xff, 0xff, 0xff, 0xfc, 0x00, 0x03, 0xff, 0xff, 0xff, 
	0xff, 0xff, 0xff, 0xf0, 0x00, 0x37, 0xff, 0xff, 0xff, 0xff, 0xfc, 0x00, 0x03, 0xff, 0xff, 0xff, 
	0xff, 0xff, 0xff, 0xf0, 0x00, 0x1b, 0xff, 0xff, 0xff, 0xff, 0xf8, 0x00, 0x01, 0xff, 0xff, 0xff, 
	0xff, 0xff, 0xff, 0xf0, 0x00, 0x1f, 0xff, 0xff, 0xff, 0xff, 0xf0, 0x00, 0x01, 0xff, 0xff, 0xff, 
	0xff, 0xff, 0xff, 0xf0, 0x00, 0x0e, 0xff, 0xff, 0xff, 0xff, 0xe0, 0x00, 0x01, 0xff, 0xff, 0xff, 
	0xff, 0xff, 0xff, 0xf0, 0x00, 0x0f, 0xff, 0xff, 0xff, 0xff, 0xc0, 0x00, 0x00, 0xff, 0xff, 0xff, 
	0xff, 0xff, 0xff, 0xf0, 0x00, 0x0f, 0xff, 0xff, 0xff, 0xff, 0x90, 0x00, 0x00, 0xff, 0xff, 0xff, 
	0xff, 0xff, 0xff, 0xf0, 0x00, 0x07, 0xff, 0xff, 0xff, 0xfe, 0x60, 0x00, 0x00, 0x7f, 0xff, 0xff, 
	0xff, 0xff, 0xff, 0xf0, 0x00, 0x07, 0xff, 0xff, 0xff, 0xfd, 0xc0, 0x00, 0x00, 0x7f, 0xff, 0xff, 
	0xff, 0xff, 0xff, 0xf0, 0x00, 0x03, 0xff, 0xff, 0xff, 0xf7, 0x80, 0x00, 0x00, 0x7f, 0xff, 0xff, 
	0xff, 0xff, 0xff, 0xf0, 0x00, 0x01, 0xff, 0xff, 0xff, 0xff, 0x0c, 0x00, 0x00, 0x7f, 0xff, 0xff, 
	0xff, 0xff, 0xff, 0xf0, 0x00, 0x00, 0xff, 0xff, 0xff, 0xfe, 0x38, 0x00, 0x00, 0x3f, 0xff, 0xff, 
	0xff, 0xff, 0xff, 0xf0, 0x00, 0x00, 0x7f, 0xff, 0xff, 0xfc, 0xf0, 0x00, 0x00, 0x3f, 0xff, 0xff, 
	0xff, 0xff, 0xff, 0xf0, 0x00, 0x00, 0x3f, 0xff, 0xff, 0xf7, 0xf0, 0x80, 0x00, 0x3f, 0xff, 0xff, 
	0xff, 0xff, 0xff, 0xf0, 0x00, 0x00, 0x0f, 0xff, 0xff, 0xff, 0xf1, 0x80, 0x00, 0x3f, 0xff, 0xff, 
	0xff, 0xff, 0xff, 0xf8, 0x00, 0x01, 0xff, 0xff, 0xff, 0xff, 0xe7, 0x80, 0x01, 0x3f, 0xff, 0xff, 
	0xff, 0xff, 0xff, 0xf8, 0x00, 0x03, 0xff, 0xff, 0xff, 0xff, 0xff, 0x80, 0x01, 0x3f, 0xff, 0xff, 
	0xff, 0xff, 0xff, 0xf8, 0x04, 0x03, 0xff, 0xff, 0xff, 0xff, 0xff, 0x80, 0x01, 0xbf, 0xff, 0xff, 
	0xff, 0xff, 0xff, 0xfc, 0x66, 0x21, 0xff, 0xff, 0xff, 0xff, 0xff, 0x80, 0x01, 0xbf, 0xff, 0xff, 
	0xff, 0xff, 0xff, 0xfe, 0x33, 0xbd, 0xff, 0xff, 0xff, 0xff, 0xff, 0x80, 0x01, 0xbf, 0xff, 0xff, 
	0xff, 0xff, 0xff, 0xff, 0x19, 0xdf, 0xff, 0xff, 0xff, 0xff, 0xff, 0xe0, 0x01, 0xff, 0xff, 0xff, 
	0xff, 0xff, 0xff, 0xff, 0xcc, 0xff, 0xff, 0xff, 0xff, 0xff, 0xff, 0xe4, 0x01, 0xff, 0xff, 0xff, 
	0xff, 0xff, 0xff, 0xff, 0xff, 0xff, 0xff, 0xff, 0xff, 0xff, 0xff, 0xcc, 0xff, 0xff, 0xff, 0xff, 
	0xff, 0xff, 0xff, 0xff, 0xff, 0xff, 0xff, 0xff, 0xff, 0xff, 0xff, 0xff, 0xff, 0xff, 0xff, 0xff, 
	0xff, 0xff, 0xff, 0xff, 0xff, 0xff, 0xff, 0xff, 0xff, 0xff, 0xff, 0xff, 0xff, 0xff, 0xff, 0xff, 
	0xff, 0xff, 0xff, 0xff, 0xff, 0xff, 0xff, 0xff, 0xff, 0xff, 0xff, 0xff, 0xff, 0xff, 0xff, 0xff, 
	0xff, 0xff, 0xff, 0xff, 0xff, 0xff, 0xff, 0xff, 0xff, 0xff, 0xff, 0xff, 0xff, 0xff, 0xff, 0xff, 
	0xff, 0xff, 0xff, 0xff, 0xff, 0xff, 0xff, 0xff, 0xff, 0xff, 0xff, 0xff, 0xff, 0xff, 0xff, 0xff, 
	0xff, 0xff, 0xff, 0xff, 0xff, 0xff, 0xff, 0xff, 0xff, 0xff, 0xff, 0xff, 0xff, 0xff, 0xff, 0xff, 
	0xff, 0xff, 0xff, 0xff, 0xff, 0xff, 0xff, 0xff, 0xff, 0xff, 0xff, 0xff, 0xff, 0xff, 0xff, 0xff, 
	0xff, 0xff, 0xff, 0xff, 0xff, 0xff, 0xff, 0xff, 0xff, 0xff, 0xff, 0xff, 0xff, 0xff, 0xff, 0xff, 
	0xff, 0xff, 0xff, 0xff, 0xff, 0xff, 0xff, 0xff, 0xff, 0xff, 0xff, 0xff, 0xff, 0xff, 0xff, 0xff, 
	0xff, 0xff, 0xff, 0xff, 0xff, 0xff, 0xff, 0xff, 0xff, 0xff, 0xff, 0xff, 0xff, 0xff, 0xff, 0xff, 
	0xff, 0xff, 0xff, 0xff, 0xff, 0xff, 0xff, 0xff, 0xff, 0xff, 0xff, 0xff, 0xff, 0xff, 0xff, 0xff, 
	0xff, 0xff, 0xff, 0xff, 0xff, 0xff, 0xff, 0xff, 0xff, 0xff, 0xff, 0xff, 0xff, 0xff, 0xff, 0xff, 
	0xff, 0xff, 0xff, 0xff, 0xff, 0xff, 0xff, 0xff, 0xff, 0xff, 0xff, 0xff, 0xff, 0xff, 0xff, 0xff
};
// 'jim', 128x128px
const unsigned char epd_bitmap_jim [] PROGMEM = {
	0xff, 0xff, 0xff, 0xff, 0xff, 0xff, 0xff, 0xff, 0xff, 0xff, 0xff, 0xff, 0xff, 0xff, 0xff, 0xff, 
	0xff, 0xff, 0xff, 0xff, 0xff, 0xff, 0xff, 0xff, 0xff, 0xff, 0xff, 0xff, 0xff, 0xff, 0xff, 0xff, 
	0xff, 0xff, 0xff, 0xff, 0xff, 0xff, 0xff, 0xff, 0xff, 0xff, 0xff, 0xff, 0xff, 0xff, 0xff, 0xff, 
	0xff, 0xff, 0xff, 0xff, 0xff, 0xff, 0xff, 0xff, 0xff, 0xff, 0xff, 0xff, 0xff, 0xff, 0xff, 0xff, 
	0xff, 0xff, 0xff, 0xff, 0xff, 0xff, 0xff, 0xff, 0xff, 0xff, 0xff, 0xff, 0xff, 0xff, 0xff, 0xff, 
	0xff, 0xff, 0xff, 0xff, 0xff, 0xff, 0xff, 0xff, 0xff, 0xff, 0xff, 0xff, 0xff, 0xff, 0xff, 0xff, 
	0xff, 0xff, 0xff, 0xff, 0xff, 0xff, 0xff, 0xff, 0xff, 0xff, 0xff, 0xff, 0xff, 0xff, 0xff, 0xff, 
	0xff, 0xff, 0xff, 0xff, 0xff, 0xff, 0xff, 0xff, 0xff, 0xff, 0xff, 0xff, 0xff, 0xff, 0xff, 0xff, 
	0xff, 0xff, 0xff, 0xff, 0xff, 0xff, 0xff, 0xff, 0xff, 0xff, 0xff, 0xff, 0xff, 0xff, 0xff, 0xff, 
	0xff, 0xff, 0xff, 0xff, 0xff, 0xff, 0xff, 0xff, 0xff, 0xff, 0xff, 0xff, 0xff, 0xff, 0xff, 0xff, 
	0xff, 0xff, 0xff, 0xff, 0xff, 0xff, 0xff, 0xff, 0xff, 0xff, 0xff, 0xff, 0xff, 0xff, 0xff, 0xff, 
	0xff, 0xff, 0xff, 0xff, 0xff, 0xff, 0xff, 0xff, 0xff, 0xff, 0xff, 0xff, 0xff, 0xff, 0xff, 0xff, 
	0xff, 0xff, 0xff, 0xff, 0xff, 0xff, 0xff, 0xff, 0xff, 0xff, 0xff, 0xff, 0xff, 0xff, 0xff, 0xff, 
	0xff, 0xff, 0xff, 0xff, 0xff, 0xff, 0xff, 0xff, 0xff, 0xff, 0xff, 0xff, 0xff, 0xff, 0xff, 0xff, 
	0xff, 0xff, 0xff, 0xff, 0xff, 0xff, 0xff, 0xff, 0xff, 0xff, 0xff, 0xff, 0xff, 0xff, 0xff, 0xff, 
	0xff, 0xff, 0xff, 0xff, 0xff, 0xff, 0xff, 0xf0, 0x1e, 0x7f, 0xff, 0xff, 0xff, 0xff, 0xff, 0xff, 
	0xff, 0xff, 0xff, 0xff, 0xff, 0xff, 0xff, 0x80, 0x00, 0x07, 0xff, 0xff, 0xff, 0xff, 0xff, 0xff, 
	0xff, 0xff, 0xff, 0xff, 0xff, 0xfe, 0x00, 0x00, 0x00, 0x00, 0xff, 0xff, 0xff, 0xff, 0xff, 0xff, 
	0xff, 0xff, 0xff, 0xff, 0xff, 0xfe, 0x00, 0x00, 0x00, 0x00, 0x3e, 0xff, 0xff, 0xff, 0xff, 0xff, 
	0xff, 0xff, 0xff, 0xff, 0xff, 0x80, 0x00, 0x00, 0x00, 0x00, 0x07, 0xff, 0xff, 0xff, 0xff, 0xff, 
	0xff, 0xff, 0xff, 0xff, 0xfc, 0x00, 0x00, 0x00, 0x00, 0x00, 0x03, 0x7f, 0xff, 0xff, 0xff, 0xff, 
	0xff, 0xff, 0xff, 0xff, 0xf0, 0x00, 0x00, 0x00, 0x00, 0x00, 0x00, 0xbf, 0xff, 0xff, 0xff, 0xff, 
	0xff, 0xff, 0xff, 0xff, 0xc0, 0x00, 0x00, 0x00, 0x00, 0x00, 0x00, 0x3f, 0xff, 0xff, 0xff, 0xff, 
	0xff, 0xff, 0xff, 0xff, 0x00, 0x00, 0x00, 0x00, 0x00, 0x00, 0x00, 0x1f, 0xff, 0xff, 0xff, 0xff, 
	0xff, 0xff, 0xff, 0xfe, 0x00, 0x00, 0x00, 0x00, 0x00, 0x00, 0x00, 0x1f, 0xff, 0xff, 0xff, 0xff, 
	0xff, 0xff, 0xff, 0xf8, 0x00, 0x00, 0x00, 0x00, 0x00, 0x00, 0x00, 0x1f, 0xff, 0xff, 0xff, 0xff, 
	0xff, 0xff, 0xff, 0xf8, 0x00, 0x00, 0x00, 0x00, 0x00, 0x00, 0x00, 0x0f, 0xff, 0xff, 0xff, 0xff, 
	0xff, 0xff, 0xff, 0xf0, 0x00, 0x00, 0x00, 0x00, 0x00, 0x00, 0x00, 0x0f, 0xff, 0xff, 0xff, 0xff, 
	0xff, 0xff, 0xff, 0xf0, 0x00, 0x00, 0x00, 0x00, 0x00, 0x00, 0x00, 0x0f, 0xff, 0xff, 0xff, 0xff, 
	0xff, 0xff, 0xff, 0xec, 0x00, 0x00, 0x00, 0x00, 0x00, 0x00, 0x00, 0x0f, 0xff, 0xff, 0xff, 0xff, 
	0xff, 0xff, 0xff, 0xe8, 0x00, 0x00, 0x00, 0x00, 0x00, 0x00, 0x00, 0x07, 0xff, 0xff, 0xff, 0xff, 
	0xff, 0xff, 0xff, 0xf0, 0x00, 0x00, 0x00, 0x00, 0x00, 0x00, 0x00, 0x07, 0xff, 0xff, 0xff, 0xff, 
	0xff, 0xff, 0xff, 0xe0, 0x00, 0x00, 0x00, 0x00, 0x00, 0x00, 0x00, 0x03, 0xff, 0xff, 0xff, 0xff, 
	0xff, 0xff, 0xff, 0xc0, 0x00, 0x00, 0x00, 0x00, 0x00, 0x00, 0x00, 0x01, 0xff, 0xff, 0xff, 0xff, 
	0xff, 0xff, 0xff, 0x00, 0x00, 0x00, 0x00, 0x00, 0x00, 0x00, 0x00, 0x00, 0xff, 0xff, 0xff, 0xff, 
	0xff, 0xff, 0xfe, 0x00, 0x00, 0x00, 0x00, 0x7e, 0x00, 0x00, 0x00, 0x00, 0x7f, 0xff, 0xff, 0xff, 
	0xff, 0xff, 0xfc, 0x00, 0x00, 0x00, 0x07, 0xff, 0xff, 0xe0, 0x00, 0x00, 0x3f, 0xff, 0xff, 0xff, 
	0xff, 0xff, 0xf8, 0x00, 0x00, 0x03, 0xff, 0xff, 0xff, 0xfc, 0x00, 0x00, 0x1f, 0xff, 0xff, 0xff, 
	0xff, 0xff, 0xf8, 0x00, 0x00, 0x1f, 0xff, 0xff, 0xff, 0xff, 0x00, 0x00, 0x1f, 0xff, 0xff, 0xff, 
	0xff, 0xff, 0xf4, 0x00, 0x00, 0x7f, 0xff, 0xff, 0xff, 0xff, 0xc0, 0x00, 0x0f, 0xff, 0xff, 0xff, 
	0xff, 0xff, 0xf8, 0x00, 0x00, 0xff, 0xff, 0xff, 0xff, 0xff, 0xf0, 0x00, 0x0f, 0xff, 0xff, 0xff, 
	0xff, 0xff, 0xfa, 0x00, 0x01, 0xff, 0xff, 0xff, 0xff, 0xff, 0xf8, 0x00, 0x07, 0xff, 0xff, 0xff, 
	0xff, 0xff, 0xfc, 0x00, 0x07, 0xff, 0xff, 0xff, 0xff, 0xff, 0xf8, 0x00, 0x07, 0xff, 0xff, 0xff, 
	0xff, 0xff, 0xfc, 0x00, 0x07, 0xff, 0xff, 0xff, 0xff, 0xff, 0xf8, 0x00, 0x03, 0xff, 0xff, 0xff, 
	0xff, 0xfe, 0xfc, 0x00, 0x07, 0xff, 0xff, 0xff, 0xff, 0xff, 0xf8, 0x00, 0x03, 0xff, 0xff, 0xff, 
	0xff, 0xfe, 0x10, 0x00, 0x07, 0xff, 0xff, 0xff, 0xff, 0xff, 0xfc, 0x00, 0x03, 0xff, 0xff, 0xff, 
	0xff, 0xff, 0xc0, 0x00, 0x07, 0xff, 0xff, 0xff, 0xff, 0xff, 0xfc, 0x00, 0x01, 0xff, 0xff, 0xff, 
	0xff, 0xff, 0xf0, 0x00, 0x07, 0xff, 0xff, 0xff, 0xff, 0xff, 0xfc, 0x00, 0x03, 0xff, 0xff, 0xff, 
	0xff, 0xff, 0xf8, 0x00, 0x07, 0xff, 0xff, 0xff, 0xff, 0xff, 0xfe, 0x00, 0x03, 0xff, 0xff, 0xff, 
	0xff, 0xff, 0xf8, 0x00, 0x07, 0xff, 0xff, 0xff, 0xff, 0xff, 0xfe, 0x00, 0x01, 0xff, 0xff, 0xff, 
	0xff, 0xfd, 0xf8, 0x00, 0x0f, 0xff, 0xff, 0xff, 0xff, 0xff, 0xfe, 0x00, 0x01, 0xff, 0xff, 0xff, 
	0xff, 0xfe, 0xf0, 0x00, 0x0f, 0xff, 0xff, 0xff, 0xff, 0xff, 0xff, 0x00, 0x03, 0xff, 0xff, 0xff, 
	0xff, 0xff, 0x00, 0x00, 0x1f, 0xff, 0xff, 0xff, 0xff, 0xff, 0xff, 0x00, 0x01, 0xff, 0xff, 0xff, 
	0xff, 0xff, 0x00, 0x00, 0x1f, 0xff, 0xff, 0xff, 0xff, 0xff, 0xff, 0x00, 0x00, 0xff, 0xff, 0xff, 
	0xff, 0xfc, 0xe0, 0x00, 0x1f, 0xff, 0xff, 0xff, 0xff, 0xff, 0xff, 0x80, 0x00, 0x0f, 0xff, 0xff, 
	0xff, 0xff, 0x00, 0x00, 0x3f, 0xff, 0xff, 0xff, 0xff, 0xff, 0xff, 0x80, 0x00, 0x01, 0x7f, 0xff, 
	0xff, 0xff, 0xc0, 0x00, 0x3f, 0xcf, 0xff, 0xff, 0xfe, 0x00, 0x3f, 0x80, 0x00, 0x00, 0xff, 0xff, 
	0xff, 0xe0, 0x00, 0x00, 0x1e, 0x00, 0x07, 0xff, 0xf8, 0x00, 0x01, 0x80, 0x00, 0x01, 0xff, 0xff, 
	0xff, 0xfe, 0x00, 0x00, 0x30, 0x00, 0x01, 0xff, 0xf0, 0x00, 0x01, 0x80, 0x00, 0x00, 0xff, 0xff, 
	0xff, 0x30, 0x00, 0x00, 0x30, 0x00, 0x01, 0xff, 0xf0, 0x00, 0xf9, 0xc0, 0x00, 0x07, 0xff, 0xff, 
	0xff, 0xc0, 0x00, 0x00, 0x23, 0xfe, 0x00, 0xff, 0xe0, 0x7f, 0xff, 0xc0, 0x00, 0x0f, 0xff, 0xff, 
	0xff, 0xf8, 0x00, 0x00, 0x67, 0xff, 0xe1, 0xff, 0xe7, 0xff, 0xff, 0xc0, 0x00, 0x03, 0xff, 0xff, 
	0xff, 0xff, 0x00, 0x00, 0x6f, 0xff, 0x00, 0xff, 0xe0, 0x7e, 0x7f, 0xe0, 0x04, 0xff, 0xff, 0xff, 
	0xff, 0xff, 0x80, 0x00, 0x7f, 0x80, 0x00, 0x7f, 0xe3, 0x00, 0x0f, 0xe0, 0x02, 0x07, 0xff, 0xff, 
	0xff, 0xe0, 0x00, 0x00, 0xfe, 0x10, 0x00, 0x7f, 0xc0, 0x81, 0x0f, 0xf0, 0x06, 0x0f, 0xff, 0xff, 
	0xff, 0xc0, 0x00, 0x00, 0xfe, 0x70, 0x72, 0x7f, 0xdb, 0x81, 0x8f, 0xf0, 0x04, 0x3f, 0xff, 0xff, 
	0xff, 0xe0, 0x10, 0x00, 0xfe, 0x78, 0x7f, 0xff, 0xff, 0xe7, 0xff, 0xf0, 0x00, 0x1f, 0xff, 0xff, 
	0xff, 0xe0, 0x18, 0x01, 0xff, 0xff, 0xff, 0xff, 0xff, 0xff, 0xff, 0xf0, 0x00, 0x0f, 0xff, 0xff, 
	0xff, 0xf9, 0xf8, 0x01, 0xff, 0xff, 0xff, 0xff, 0xff, 0xff, 0xff, 0xf0, 0xc2, 0x3f, 0xff, 0xff, 
	0xff, 0xfc, 0x08, 0x01, 0xff, 0xff, 0xff, 0xff, 0xff, 0xff, 0xff, 0xf0, 0x62, 0x1f, 0xff, 0xff, 
	0xff, 0xff, 0xe8, 0x81, 0xff, 0xff, 0xff, 0xff, 0xff, 0xff, 0xff, 0xf0, 0x66, 0x7f, 0xff, 0xff, 
	0xff, 0xff, 0xf4, 0x80, 0xff, 0xff, 0xff, 0xff, 0xff, 0xff, 0xff, 0xf0, 0x64, 0x7f, 0xff, 0xff, 
	0xff, 0xff, 0xf5, 0x00, 0xff, 0xff, 0xff, 0xff, 0xff, 0xff, 0xff, 0xf8, 0x2d, 0xff, 0xff, 0xff, 
	0xff, 0xff, 0xf5, 0x00, 0xff, 0xff, 0xff, 0xff, 0xff, 0xff, 0xff, 0xf8, 0x28, 0x3f, 0xff, 0xff, 
	0xff, 0xff, 0xfd, 0x00, 0xff, 0xff, 0xff, 0xff, 0xff, 0xff, 0xff, 0xf8, 0x68, 0x7f, 0xff, 0xff, 
	0xff, 0xff, 0xfd, 0x81, 0xff, 0xff, 0xff, 0xff, 0xff, 0xff, 0xff, 0xf8, 0x50, 0xff, 0xff, 0xff, 
	0xff, 0xff, 0xfe, 0x81, 0xff, 0xff, 0xfb, 0xff, 0xff, 0xff, 0xff, 0xf9, 0xb1, 0xff, 0xff, 0xff, 
	0xff, 0xff, 0xff, 0x91, 0xff, 0xff, 0xf7, 0xff, 0xfd, 0xff, 0xff, 0xff, 0x71, 0xff, 0xff, 0xff, 
	0xff, 0xff, 0xff, 0xdf, 0xff, 0xff, 0xf7, 0xff, 0xfe, 0xff, 0xff, 0xff, 0xe7, 0xff, 0xff, 0xff, 
	0xff, 0xff, 0xff, 0xdf, 0xff, 0xff, 0xf7, 0xff, 0xff, 0xff, 0xff, 0xff, 0xef, 0xff, 0xff, 0xff, 
	0xff, 0xff, 0xff, 0xef, 0xff, 0xff, 0xf7, 0xff, 0xfe, 0xff, 0xff, 0xff, 0xcf, 0xff, 0xff, 0xff, 
	0xff, 0xff, 0xff, 0xff, 0xff, 0xff, 0xf6, 0x1f, 0xe4, 0xff, 0xff, 0xf7, 0xff, 0xff, 0xff, 0xff, 
	0xff, 0xff, 0xff, 0xbf, 0xff, 0xff, 0xf8, 0x07, 0x03, 0xfb, 0xff, 0xf7, 0xff, 0xff, 0xff, 0xff, 
	0xff, 0xff, 0xff, 0xc8, 0x7f, 0xff, 0xff, 0xe0, 0x7f, 0xfc, 0xff, 0xe3, 0xff, 0xff, 0xff, 0xff, 
	0xff, 0xff, 0xff, 0xfb, 0x7f, 0xff, 0xff, 0xff, 0xff, 0xff, 0x3f, 0xef, 0xff, 0xff, 0xff, 0xff, 
	0xff, 0xff, 0xff, 0xff, 0x7f, 0xff, 0xff, 0xff, 0xff, 0xff, 0xbf, 0xef, 0xff, 0xff, 0xff, 0xff, 
	0xff, 0xff, 0xff, 0xff, 0x7f, 0xff, 0xff, 0xff, 0xff, 0xff, 0xff, 0xef, 0xff, 0xff, 0xff, 0xff, 
	0xff, 0xff, 0xff, 0xff, 0x3f, 0xff, 0xff, 0xff, 0xff, 0xff, 0xff, 0xcf, 0xff, 0xff, 0xff, 0xff, 
	0xff, 0xff, 0xff, 0xff, 0x3f, 0xff, 0xff, 0xff, 0xff, 0xe5, 0xff, 0xcf, 0xff, 0xff, 0xff, 0xff, 
	0xff, 0xff, 0xff, 0xff, 0x3f, 0xff, 0xff, 0xff, 0xff, 0x83, 0xff, 0xcf, 0xff, 0xff, 0xff, 0xff, 
	0xff, 0xff, 0xff, 0xff, 0x3f, 0xff, 0xff, 0xff, 0xfc, 0x0f, 0xff, 0xdf, 0xff, 0xff, 0xff, 0xff, 
	0xff, 0xff, 0xff, 0xff, 0x9f, 0xff, 0x80, 0x70, 0x00, 0x3f, 0xff, 0x9f, 0xff, 0xff, 0xff, 0xff, 
	0xff, 0xff, 0xff, 0xff, 0x9f, 0xff, 0x00, 0x07, 0xf0, 0xff, 0xff, 0x9f, 0xff, 0xff, 0xff, 0xff, 
	0xff, 0xff, 0xff, 0xff, 0x8f, 0xff, 0xf0, 0x7f, 0xff, 0xff, 0xff, 0x3f, 0xff, 0xff, 0xff, 0xff, 
	0xff, 0xff, 0xff, 0xff, 0xcf, 0xff, 0xff, 0xff, 0xff, 0xff, 0xff, 0x3f, 0xff, 0xff, 0xff, 0xff, 
	0xff, 0xff, 0xff, 0xff, 0xc7, 0xff, 0xff, 0xff, 0xff, 0xff, 0xfe, 0x7f, 0xff, 0xff, 0xff, 0xff, 
	0xff, 0xff, 0xff, 0xff, 0xe3, 0xff, 0xff, 0xff, 0xff, 0xff, 0xfc, 0x7f, 0xff, 0xff, 0xff, 0xff, 
	0xff, 0xff, 0xff, 0xff, 0xf3, 0xff, 0xff, 0xff, 0xff, 0xff, 0xfc, 0xff, 0xff, 0xff, 0xff, 0xff, 
	0xff, 0xff, 0xff, 0xff, 0xf1, 0xff, 0xff, 0xff, 0xff, 0xff, 0xf8, 0xff, 0xff, 0xff, 0xff, 0xff, 
	0xff, 0xff, 0xff, 0xff, 0xf8, 0xff, 0xff, 0xff, 0xff, 0xff, 0xf9, 0xff, 0xff, 0xff, 0xff, 0xff, 
	0xff, 0xff, 0xff, 0xff, 0xfc, 0x7f, 0xff, 0xff, 0xff, 0xfe, 0xf1, 0xff, 0xff, 0xff, 0xff, 0xff, 
	0xff, 0xff, 0xff, 0xff, 0xfc, 0x7b, 0xff, 0xff, 0xff, 0xfc, 0xf1, 0xff, 0xff, 0xff, 0xff, 0xff, 
	0xff, 0xff, 0xff, 0xff, 0xfe, 0x71, 0xff, 0xff, 0xff, 0xf9, 0xe3, 0xff, 0xff, 0xff, 0xff, 0xff, 
	0xff, 0xff, 0xff, 0xff, 0xff, 0x03, 0xff, 0xff, 0xff, 0xfb, 0xc7, 0xff, 0xff, 0xff, 0xff, 0xff, 
	0xff, 0xff, 0xff, 0xff, 0xff, 0x81, 0xff, 0xff, 0xff, 0xf3, 0x0f, 0xff, 0xff, 0xff, 0xff, 0xff, 
	0xff, 0xff, 0xff, 0xff, 0xff, 0x80, 0xff, 0xff, 0xff, 0xf7, 0x1f, 0xff, 0xff, 0xff, 0xff, 0xff, 
	0xff, 0xff, 0xff, 0xff, 0xff, 0xc0, 0x7f, 0xff, 0xff, 0xe6, 0x3f, 0xff, 0xff, 0xff, 0xff, 0xff, 
	0xff, 0xff, 0xff, 0xff, 0xff, 0xe0, 0x1f, 0xff, 0xff, 0xc0, 0x7f, 0xff, 0xff, 0xff, 0xff, 0xff, 
	0xff, 0xff, 0xff, 0xff, 0xff, 0xf8, 0x0f, 0xff, 0xff, 0x80, 0xff, 0xff, 0xff, 0xff, 0xff, 0xff, 
	0xff, 0xff, 0xff, 0xff, 0xff, 0xfc, 0x03, 0xff, 0xfc, 0x03, 0xff, 0xff, 0xff, 0xff, 0xff, 0xff, 
	0xff, 0xff, 0xff, 0xff, 0xff, 0xfe, 0x00, 0xe0, 0x00, 0x07, 0xff, 0xff, 0xff, 0xff, 0xff, 0xff, 
	0xff, 0xff, 0xff, 0xff, 0xff, 0xff, 0x80, 0x00, 0x00, 0x1f, 0xff, 0xff, 0xff, 0xff, 0xff, 0xff, 
	0xff, 0xff, 0xff, 0xff, 0xff, 0xff, 0xe0, 0x00, 0x00, 0x7f, 0xff, 0xff, 0xff, 0xff, 0xff, 0xff, 
	0xff, 0xff, 0xff, 0xff, 0xff, 0xff, 0xfe, 0x00, 0x07, 0xff, 0xff, 0xff, 0xff, 0xff, 0xff, 0xff, 
	0xff, 0xff, 0xff, 0xff, 0xff, 0xff, 0xff, 0xff, 0xff, 0xff, 0xff, 0xff, 0xff, 0xff, 0xff, 0xff, 
	0xff, 0xff, 0xff, 0xff, 0xff, 0xff, 0xff, 0xff, 0xff, 0xff, 0xff, 0xff, 0xff, 0xff, 0xff, 0xff, 
	0xff, 0xff, 0xff, 0xff, 0xff, 0xff, 0xff, 0xff, 0xff, 0xff, 0xff, 0xff, 0xff, 0xff, 0xff, 0xff, 
	0xff, 0xff, 0xff, 0xff, 0xff, 0xff, 0xff, 0xff, 0xff, 0xff, 0xff, 0xff, 0xff, 0xff, 0xff, 0xff, 
	0xff, 0xff, 0xff, 0xff, 0xff, 0xff, 0xff, 0xff, 0xff, 0xff, 0xff, 0xff, 0xff, 0xff, 0xff, 0xff, 
	0xff, 0xff, 0xff, 0xff, 0xff, 0xff, 0xff, 0xff, 0xff, 0xff, 0xff, 0xff, 0xff, 0xff, 0xff, 0xff, 
	0xff, 0xff, 0xff, 0xff, 0xff, 0xff, 0xff, 0xff, 0xff, 0xff, 0xff, 0xff, 0xff, 0xff, 0xff, 0xff, 
	0xff, 0xff, 0xff, 0xff, 0xff, 0xff, 0xff, 0xff, 0xff, 0xff, 0xff, 0xff, 0xff, 0xff, 0xff, 0xff, 
	0xff, 0xff, 0xff, 0xff, 0xff, 0xff, 0xff, 0xff, 0xff, 0xff, 0xff, 0xff, 0xff, 0xff, 0xff, 0xff, 
	0xff, 0xff, 0xff, 0xff, 0xff, 0xff, 0xff, 0xff, 0xff, 0xff, 0xff, 0xff, 0xff, 0xff, 0xff, 0xff, 
	0xff, 0xff, 0xff, 0xff, 0xff, 0xff, 0xff, 0xff, 0xff, 0xff, 0xff, 0xff, 0xff, 0xff, 0xff, 0xff, 
	0xff, 0xff, 0xff, 0xff, 0xff, 0xff, 0xff, 0xff, 0xff, 0xff, 0xff, 0xff, 0xff, 0xff, 0xff, 0xff, 
	0xff, 0xff, 0xff, 0xff, 0xff, 0xff, 0xff, 0xff, 0xff, 0xff, 0xff, 0xff, 0xff, 0xff, 0xff, 0xff, 
	0xff, 0xff, 0xff, 0xff, 0xff, 0xff, 0xff, 0xff, 0xff, 0xff, 0xff, 0xff, 0xff, 0xff, 0xff, 0xff
};
// 'andy', 128x128px
const unsigned char epd_bitmap_andy [] PROGMEM = {
	0xff, 0xff, 0xff, 0xff, 0xff, 0xff, 0xff, 0xff, 0xff, 0xff, 0xff, 0xff, 0xff, 0xff, 0xff, 0xff, 
	0xff, 0xff, 0xff, 0xff, 0xff, 0xff, 0xff, 0xff, 0xff, 0xff, 0xff, 0xff, 0xff, 0xff, 0xff, 0xff, 
	0xff, 0xff, 0xff, 0xff, 0xff, 0xff, 0xff, 0xff, 0xff, 0xff, 0xff, 0xff, 0xff, 0xff, 0xff, 0xff, 
	0xff, 0xff, 0xff, 0xff, 0xff, 0xff, 0xff, 0xff, 0xff, 0xff, 0xff, 0xff, 0xff, 0xff, 0xff, 0xff, 
	0xff, 0xff, 0xff, 0xff, 0xff, 0xff, 0xff, 0xff, 0xff, 0xff, 0xff, 0xff, 0xff, 0xff, 0xff, 0xff, 
	0xff, 0xff, 0xff, 0xff, 0xff, 0xff, 0xff, 0xff, 0xff, 0xff, 0xff, 0xff, 0xff, 0xff, 0xff, 0xff, 
	0xff, 0xff, 0xff, 0xff, 0xff, 0xff, 0xff, 0xff, 0xff, 0xff, 0xff, 0xff, 0xff, 0xff, 0xff, 0xff, 
	0xff, 0xff, 0xff, 0xff, 0xff, 0xff, 0xff, 0xff, 0xff, 0xff, 0xff, 0xff, 0xff, 0xff, 0xff, 0xff, 
	0xff, 0xff, 0xff, 0xff, 0xff, 0xff, 0xff, 0xff, 0xff, 0xff, 0xff, 0xff, 0xff, 0xff, 0xff, 0xff, 
	0xff, 0xff, 0xff, 0xff, 0xff, 0xff, 0xff, 0xff, 0xff, 0xff, 0xff, 0xff, 0xff, 0xff, 0xff, 0xff, 
	0xff, 0xff, 0xff, 0xff, 0xff, 0xff, 0xff, 0xff, 0xff, 0xff, 0xff, 0xff, 0xff, 0xff, 0xff, 0xff, 
	0xff, 0xff, 0xff, 0xff, 0xff, 0xff, 0xff, 0xff, 0xff, 0xff, 0xff, 0xff, 0xff, 0xff, 0xff, 0xff, 
	0xff, 0xff, 0xff, 0xff, 0xff, 0xff, 0xff, 0xff, 0xff, 0xff, 0xff, 0xff, 0xff, 0xff, 0xff, 0xff, 
	0xff, 0xff, 0xff, 0xff, 0xff, 0xff, 0xff, 0xff, 0xef, 0xff, 0xff, 0xff, 0xff, 0xff, 0xff, 0xff, 
	0xff, 0xff, 0xff, 0xff, 0xff, 0xff, 0xff, 0x9f, 0xe1, 0xff, 0xff, 0xff, 0xff, 0xff, 0xff, 0xff, 
	0xff, 0xff, 0xff, 0xff, 0xff, 0xff, 0xfe, 0x00, 0x00, 0x7f, 0xff, 0xff, 0xff, 0xff, 0xff, 0xff, 
	0xff, 0xff, 0xff, 0xff, 0xff, 0xff, 0xf0, 0x00, 0x00, 0x1f, 0xff, 0xff, 0xff, 0xff, 0xff, 0xff, 
	0xff, 0xff, 0xff, 0xff, 0xff, 0xff, 0x00, 0x00, 0x00, 0x03, 0xff, 0xff, 0xff, 0xff, 0xff, 0xff, 
	0xff, 0xff, 0xff, 0xff, 0xff, 0xf8, 0x00, 0x00, 0x00, 0x00, 0xff, 0xff, 0xff, 0xff, 0xff, 0xff, 
	0xff, 0xff, 0xff, 0xff, 0xff, 0xc0, 0x00, 0x00, 0x00, 0x00, 0x3f, 0xff, 0xff, 0xff, 0xff, 0xff, 
	0xff, 0xff, 0xff, 0xff, 0xff, 0x00, 0x00, 0x00, 0x00, 0x00, 0x0f, 0xff, 0xff, 0xff, 0xff, 0xff, 
	0xff, 0xff, 0xff, 0xff, 0xfe, 0x00, 0x00, 0x00, 0x00, 0x00, 0x03, 0xff, 0xff, 0xff, 0xff, 0xff, 
	0xff, 0xff, 0xff, 0xff, 0xfc, 0x00, 0x00, 0x00, 0x00, 0x00, 0x01, 0xff, 0xff, 0xff, 0xff, 0xff, 
	0xff, 0xff, 0xff, 0xff, 0xf8, 0x00, 0x00, 0x00, 0x00, 0x00, 0x01, 0xff, 0xff, 0xff, 0xff, 0xff, 
	0xff, 0xff, 0xff, 0xff, 0xf0, 0x00, 0x00, 0x00, 0x00, 0x00, 0x00, 0x3f, 0xff, 0xff, 0xff, 0xff, 
	0xff, 0xff, 0xff, 0xff, 0xe0, 0x00, 0x00, 0x00, 0x00, 0x00, 0x00, 0x0f, 0xff, 0xff, 0xff, 0xff, 
	0xff, 0xff, 0xff, 0xff, 0xc0, 0x00, 0x00, 0x00, 0x00, 0x00, 0x00, 0x07, 0xff, 0xff, 0xff, 0xff, 
	0xff, 0xff, 0xff, 0xff, 0xc0, 0x00, 0x00, 0x00, 0x00, 0x00, 0x00, 0x03, 0xff, 0xff, 0xff, 0xff, 
	0xff, 0xff, 0xff, 0xff, 0x80, 0x00, 0x00, 0x00, 0x3f, 0xe0, 0x00, 0x03, 0xff, 0xff, 0xff, 0xff, 
	0xff, 0xff, 0xff, 0xfe, 0x00, 0x00, 0x3f, 0xff, 0xff, 0xfe, 0x00, 0x01, 0xff, 0xff, 0xff, 0xff, 
	0xff, 0xff, 0xff, 0xfe, 0x00, 0x03, 0xff, 0xff, 0xff, 0xff, 0xe0, 0x00, 0xff, 0xff, 0xff, 0xff, 
	0xff, 0xff, 0xff, 0xfc, 0x00, 0x1f, 0xff, 0xff, 0xff, 0xff, 0xf0, 0x00, 0x7f, 0xff, 0xff, 0xff, 
	0xff, 0xff, 0xff, 0xfc, 0x00, 0x7f, 0xff, 0xff, 0xff, 0xff, 0xf8, 0x00, 0x7f, 0xff, 0xff, 0xff, 
	0xff, 0xff, 0xff, 0xf8, 0x00, 0xff, 0xff, 0xff, 0xff, 0xff, 0xfc, 0x00, 0x3f, 0xff, 0xff, 0xff, 
	0xff, 0xff, 0xff, 0xf8, 0x01, 0xff, 0xff, 0xff, 0xff, 0xff, 0xfe, 0x00, 0x3f, 0xff, 0xff, 0xff, 
	0xff, 0xff, 0xff, 0xf0, 0x03, 0xff, 0xff, 0xff, 0xff, 0xff, 0xff, 0x00, 0x1f, 0xff, 0xff, 0xff, 
	0xff, 0xff, 0xff, 0xf0, 0x07, 0xff, 0xff, 0xff, 0xff, 0xff, 0xff, 0x00, 0x1f, 0xff, 0xff, 0xff, 
	0xff, 0xff, 0xff, 0xf0, 0x07, 0xff, 0xff, 0xff, 0xff, 0xff, 0xff, 0x00, 0x1f, 0xff, 0xff, 0xff, 
	0xff, 0xff, 0xff, 0xf0, 0x0f, 0xff, 0xff, 0xff, 0xff, 0xff, 0xff, 0x00, 0x0f, 0xff, 0xff, 0xff, 
	0xff, 0xff, 0xff, 0xe0, 0x0f, 0xff, 0xff, 0xff, 0xff, 0xff, 0xff, 0x80, 0x0f, 0xff, 0xff, 0xff, 
	0xff, 0xff, 0xff, 0xe0, 0x0f, 0xff, 0xff, 0xff, 0xff, 0xff, 0xff, 0x80, 0x0f, 0xff, 0xff, 0xff, 
	0xff, 0xff, 0xff, 0xe0, 0x0f, 0xff, 0xff, 0xff, 0xff, 0xff, 0xff, 0xc0, 0x07, 0xff, 0xff, 0xff, 
	0xff, 0xff, 0xff, 0xe0, 0x0f, 0xff, 0xff, 0xff, 0xff, 0xff, 0xff, 0xc0, 0x07, 0xff, 0xff, 0xff, 
	0xff, 0xff, 0xff, 0xe0, 0x0f, 0xff, 0xff, 0xff, 0xff, 0xff, 0xff, 0xc0, 0x07, 0xff, 0xff, 0xff, 
	0xff, 0xff, 0xff, 0xe0, 0x0f, 0xff, 0xff, 0xff, 0xff, 0xff, 0xff, 0xc0, 0x07, 0xff, 0xff, 0xff, 
	0xff, 0xff, 0xff, 0xe0, 0x0f, 0xff, 0xff, 0xff, 0xff, 0xff, 0xff, 0xc0, 0x03, 0xff, 0xff, 0xff, 
	0xff, 0xff, 0xff, 0xe0, 0x07, 0xff, 0xff, 0xff, 0xff, 0xff, 0xff, 0xc0, 0x03, 0xff, 0xff, 0xff, 
	0xff, 0xff, 0xff, 0xe0, 0x07, 0xff, 0xff, 0xff, 0xff, 0xff, 0xff, 0xc0, 0x03, 0xff, 0xff, 0xff, 
	0xff, 0xff, 0xff, 0xe0, 0x03, 0xff, 0xff, 0xff, 0xff, 0xff, 0xff, 0x80, 0x03, 0xff, 0xff, 0xff, 
	0xff, 0xff, 0xff, 0xe0, 0x03, 0xff, 0xff, 0xff, 0xff, 0xff, 0xff, 0xc0, 0x03, 0xff, 0xff, 0xff, 
	0xff, 0xff, 0xff, 0xe0, 0x03, 0xff, 0xff, 0xff, 0xff, 0xff, 0xff, 0xe0, 0x03, 0xff, 0xff, 0xff, 
	0xff, 0xff, 0xff, 0xe0, 0x03, 0xff, 0xff, 0xff, 0xff, 0xfe, 0x0f, 0xf0, 0x03, 0xff, 0xff, 0xff, 
	0xff, 0xff, 0xff, 0xe0, 0x07, 0xff, 0xff, 0xff, 0xfe, 0x00, 0x03, 0xf0, 0x07, 0xff, 0xff, 0xff, 
	0xff, 0xff, 0xff, 0xf0, 0x07, 0xff, 0x80, 0xff, 0xfc, 0x00, 0x00, 0xf8, 0x07, 0xff, 0xff, 0xff, 
	0xff, 0xff, 0xff, 0xf0, 0x07, 0xf0, 0x00, 0x3f, 0xfc, 0x07, 0xf0, 0xf8, 0x0f, 0xff, 0xff, 0xff, 
	0xff, 0xff, 0xff, 0xf0, 0x07, 0xe0, 0x00, 0x3f, 0xf8, 0x3f, 0xfc, 0x78, 0x0f, 0xff, 0xff, 0xff, 
	0xff, 0xff, 0xff, 0xf0, 0x07, 0xc3, 0xf8, 0x1f, 0xf8, 0xc0, 0x3e, 0x78, 0x0f, 0xff, 0xff, 0xff, 
	0xff, 0xff, 0xff, 0xf8, 0x07, 0x8f, 0xc1, 0xbf, 0xff, 0xf0, 0x07, 0x7c, 0x0f, 0xff, 0xff, 0xff, 
	0xff, 0xff, 0xff, 0xf8, 0x0f, 0x9e, 0x01, 0xff, 0xff, 0xf0, 0x43, 0xfc, 0x1f, 0xff, 0xff, 0xff, 
	0xff, 0xff, 0xff, 0xfc, 0x0f, 0xb8, 0xc1, 0xff, 0xff, 0xf8, 0x43, 0xfc, 0x1f, 0xff, 0xff, 0xff, 
	0xff, 0xff, 0xff, 0xfc, 0x0f, 0xf1, 0xc1, 0xff, 0xff, 0xff, 0xc7, 0xfc, 0x1f, 0xff, 0xff, 0xff, 
	0xff, 0xff, 0xff, 0xfe, 0x0f, 0xf9, 0xff, 0xff, 0xff, 0xff, 0xff, 0xfc, 0x3f, 0xff, 0xff, 0xff, 
	0xff, 0xff, 0xff, 0xff, 0x0f, 0xff, 0xff, 0xff, 0xff, 0xff, 0xff, 0xfe, 0x73, 0xff, 0xff, 0xff, 
	0xff, 0xff, 0xff, 0xff, 0x0f, 0xff, 0xff, 0xff, 0xff, 0xff, 0xff, 0xfe, 0x01, 0xff, 0xff, 0xff, 
	0xff, 0xff, 0xff, 0xff, 0x0f, 0xff, 0xff, 0xff, 0xff, 0xff, 0xff, 0xfe, 0x07, 0xff, 0xff, 0xff, 
	0xff, 0xff, 0xff, 0xff, 0x8f, 0xff, 0xff, 0xff, 0xff, 0xff, 0xff, 0xfe, 0x33, 0xff, 0xff, 0xff, 
	0xff, 0xff, 0xff, 0xff, 0xcf, 0xff, 0xff, 0xff, 0xff, 0xff, 0xff, 0xfe, 0x33, 0xff, 0xff, 0xff, 
	0xff, 0xff, 0xff, 0xf8, 0x0f, 0xff, 0xff, 0xff, 0xff, 0xff, 0xff, 0xfe, 0x33, 0xff, 0xff, 0xff, 
	0xff, 0xff, 0xff, 0xf8, 0x0f, 0xff, 0xff, 0xff, 0xff, 0xff, 0xff, 0xfe, 0x33, 0xff, 0xff, 0xff, 
	0xff, 0xff, 0xff, 0xfe, 0xcf, 0xff, 0xff, 0xff, 0xff, 0xff, 0xff, 0xfe, 0x33, 0xff, 0xff, 0xff, 
	0xff, 0xff, 0xff, 0xfc, 0xef, 0xff, 0xff, 0xff, 0xff, 0xff, 0xff, 0xfe, 0x33, 0xff, 0xff, 0xff, 
	0xff, 0xff, 0xff, 0xfc, 0xef, 0xff, 0xff, 0xff, 0xfd, 0xff, 0xff, 0xff, 0x7b, 0xff, 0xff, 0xff, 
	0xff, 0xff, 0xff, 0xfc, 0xef, 0xff, 0xff, 0xf3, 0xf0, 0xbf, 0xff, 0xfe, 0x7f, 0xff, 0xff, 0xff, 
	0xff, 0xff, 0xff, 0xfe, 0xef, 0xff, 0xff, 0xf0, 0x01, 0xbf, 0xff, 0xfe, 0x77, 0xff, 0xff, 0xff, 
	0xff, 0xff, 0xff, 0xff, 0xcf, 0xff, 0xff, 0xdf, 0x8f, 0x7f, 0xff, 0xfe, 0x77, 0xff, 0xff, 0xff, 
	0xff, 0xff, 0xff, 0xff, 0xc7, 0xff, 0xff, 0xef, 0xff, 0xff, 0xff, 0xfe, 0x6f, 0xff, 0xff, 0xff, 
	0xff, 0xff, 0xff, 0xff, 0xc7, 0xff, 0xff, 0xff, 0xff, 0xff, 0xff, 0xfe, 0x1f, 0xff, 0xff, 0xff, 
	0xff, 0xff, 0xff, 0xff, 0xf7, 0xff, 0xff, 0xff, 0xff, 0xff, 0xff, 0xfc, 0x3f, 0xff, 0xff, 0xff, 
	0xff, 0xff, 0xff, 0xff, 0x7f, 0xff, 0xff, 0xff, 0xff, 0xff, 0xff, 0xfc, 0xbf, 0xff, 0xff, 0xff, 
	0xff, 0xff, 0xff, 0xff, 0x9f, 0xff, 0xff, 0xff, 0xff, 0xff, 0xff, 0xfc, 0xff, 0xff, 0xff, 0xff, 
	0xff, 0xff, 0xff, 0xff, 0xff, 0xff, 0xff, 0xff, 0xff, 0xff, 0xff, 0xfd, 0xdf, 0xff, 0xff, 0xff, 
	0xff, 0xff, 0xff, 0xff, 0xff, 0xff, 0xff, 0xff, 0xff, 0xff, 0xff, 0xfc, 0xff, 0xff, 0xff, 0xff, 
	0xff, 0xff, 0xff, 0xff, 0xff, 0xff, 0xff, 0xfe, 0x20, 0x7f, 0xff, 0xfc, 0x3f, 0xff, 0xff, 0xff, 
	0xff, 0xff, 0xff, 0xff, 0xef, 0xff, 0xff, 0xf0, 0x00, 0x01, 0xff, 0xf8, 0x7f, 0xff, 0xff, 0xff, 
	0xff, 0xff, 0xff, 0xff, 0xe5, 0xff, 0xff, 0x00, 0x00, 0x07, 0xff, 0xf9, 0xff, 0xff, 0xff, 0xff, 
	0xff, 0xff, 0xff, 0xff, 0xf0, 0xff, 0xfe, 0x00, 0x00, 0x1f, 0xff, 0xf9, 0xff, 0xff, 0xff, 0xff, 
	0xff, 0xff, 0xff, 0xff, 0xfe, 0xff, 0xff, 0xf8, 0x00, 0x7f, 0xff, 0xfb, 0xff, 0xff, 0xff, 0xff, 
	0xff, 0xff, 0xff, 0xff, 0xff, 0xff, 0xff, 0xff, 0xff, 0xff, 0xff, 0xf3, 0xff, 0xff, 0xff, 0xff, 
	0xff, 0xff, 0xff, 0xff, 0xff, 0x7f, 0xff, 0xff, 0xff, 0xff, 0xff, 0xe3, 0xff, 0xff, 0xff, 0xff, 
	0xff, 0xff, 0xff, 0xff, 0xff, 0xbf, 0xff, 0xff, 0xff, 0xff, 0xff, 0xe7, 0xff, 0xff, 0xff, 0xff, 
	0xff, 0xff, 0xff, 0xff, 0xff, 0x9f, 0xff, 0xff, 0xff, 0xff, 0xff, 0xc7, 0xff, 0xff, 0xff, 0xff, 
	0xff, 0xff, 0xff, 0xff, 0xff, 0xdf, 0xff, 0xff, 0xff, 0xff, 0xff, 0xcf, 0xff, 0xff, 0xff, 0xff, 
	0xff, 0xff, 0xff, 0xff, 0xff, 0xcf, 0xff, 0xff, 0xff, 0xff, 0xff, 0x8f, 0xff, 0xff, 0xff, 0xff, 
	0xff, 0xff, 0xff, 0xff, 0xff, 0xe7, 0xff, 0xff, 0xff, 0xff, 0xff, 0x1f, 0xff, 0xff, 0xff, 0xff, 
	0xff, 0xff, 0xff, 0xff, 0xff, 0xe3, 0xff, 0xff, 0xff, 0xff, 0xfc, 0x3f, 0xff, 0xff, 0xff, 0xff, 
	0xff, 0xff, 0xff, 0xff, 0xff, 0xf1, 0xff, 0xff, 0xff, 0xff, 0xf8, 0x7f, 0xff, 0xff, 0xff, 0xff, 
	0xff, 0xff, 0xff, 0xff, 0xff, 0xf8, 0xff, 0xff, 0xff, 0xff, 0xf0, 0xff, 0xff, 0xff, 0xff, 0xff, 
	0xff, 0xff, 0xff, 0xff, 0xff, 0xfc, 0x7f, 0xff, 0xff, 0xff, 0xe1, 0xff, 0xff, 0xff, 0xff, 0xff, 
	0xff, 0xff, 0xff, 0xff, 0xff, 0xfe, 0x3f, 0xff, 0xff, 0xff, 0x83, 0xff, 0xff, 0xff, 0xff, 0xff, 
	0xff, 0xff, 0xff, 0xff, 0xff, 0xff, 0x0f, 0xff, 0xff, 0xff, 0x07, 0xff, 0xff, 0xff, 0xff, 0xff, 
	0xff, 0xff, 0xff, 0xff, 0xff, 0xff, 0x80, 0xff, 0xff, 0xfc, 0x0f, 0xff, 0xff, 0xff, 0xff, 0xff, 
	0xff, 0xff, 0xff, 0xff, 0xff, 0xff, 0xe0, 0x7f, 0xff, 0xf0, 0x1f, 0xff, 0xff, 0xff, 0xff, 0xff, 
	0xff, 0xff, 0xff, 0xff, 0xff, 0xff, 0xfc, 0x0f, 0xff, 0x80, 0x7f, 0xff, 0xff, 0xff, 0xff, 0xff, 
	0xff, 0xff, 0xff, 0xff, 0xff, 0xff, 0xff, 0x00, 0x00, 0x01, 0xff, 0xff, 0xff, 0xff, 0xff, 0xff, 
	0xff, 0xff, 0xff, 0xff, 0xff, 0xff, 0xff, 0xc0, 0x00, 0x0f, 0xff, 0xff, 0xff, 0xff, 0xff, 0xff, 
	0xff, 0xff, 0xff, 0xff, 0xff, 0xff, 0xff, 0xf8, 0x00, 0x7f, 0xff, 0xff, 0xff, 0xff, 0xff, 0xff, 
	0xff, 0xff, 0xff, 0xff, 0xff, 0xff, 0xff, 0xff, 0xff, 0xff, 0xff, 0xff, 0xff, 0xff, 0xff, 0xff, 
	0xff, 0xff, 0xff, 0xff, 0xff, 0xff, 0xff, 0xff, 0xff, 0xff, 0xff, 0xff, 0xff, 0xff, 0xff, 0xff, 
	0xff, 0xff, 0xff, 0xff, 0xff, 0xff, 0xff, 0xff, 0xff, 0xff, 0xff, 0xff, 0xff, 0xff, 0xff, 0xff, 
	0xff, 0xff, 0xff, 0xff, 0xff, 0xff, 0xff, 0xff, 0xff, 0xff, 0xff, 0xff, 0xff, 0xff, 0xff, 0xff, 
	0xff, 0xff, 0xff, 0xff, 0xff, 0xff, 0xff, 0xff, 0xff, 0xff, 0xff, 0xff, 0xff, 0xff, 0xff, 0xff, 
	0xff, 0xff, 0xff, 0xff, 0xff, 0xff, 0xff, 0xff, 0xff, 0xff, 0xff, 0xff, 0xff, 0xff, 0xff, 0xff, 
	0xff, 0xff, 0xff, 0xff, 0xff, 0xff, 0xff, 0xff, 0xff, 0xff, 0xff, 0xff, 0xff, 0xff, 0xff, 0xff, 
	0xff, 0xff, 0xff, 0xff, 0xff, 0xff, 0xff, 0xff, 0xff, 0xff, 0xff, 0xff, 0xff, 0xff, 0xff, 0xff, 
	0xff, 0xff, 0xff, 0xff, 0xff, 0xff, 0xff, 0xff, 0xff, 0xff, 0xff, 0xff, 0xff, 0xff, 0xff, 0xff, 
	0xff, 0xff, 0xff, 0xff, 0xff, 0xff, 0xff, 0xff, 0xff, 0xff, 0xff, 0xff, 0xff, 0xff, 0xff, 0xff, 
	0xff, 0xff, 0xff, 0xff, 0xff, 0xff, 0xff, 0xff, 0xff, 0xff, 0xff, 0xff, 0xff, 0xff, 0xff, 0xff, 
	0xff, 0xff, 0xff, 0xff, 0xff, 0xff, 0xff, 0xff, 0xff, 0xff, 0xff, 0xff, 0xff, 0xff, 0xff, 0xff, 
	0xff, 0xff, 0xff, 0xff, 0xff, 0xff, 0xff, 0xff, 0xff, 0xff, 0xff, 0xff, 0xff, 0xff, 0xff, 0xff, 
	0xff, 0xff, 0xff, 0xff, 0xff, 0xff, 0xff, 0xff, 0xff, 0xff, 0xff, 0xff, 0xff, 0xff, 0xff, 0xff, 
	0xff, 0xff, 0xff, 0xff, 0xff, 0xff, 0xff, 0xff, 0xff, 0xff, 0xff, 0xff, 0xff, 0xff, 0xff, 0xff, 
	0xff, 0xff, 0xff, 0xff, 0xff, 0xff, 0xff, 0xff, 0xff, 0xff, 0xff, 0xff, 0xff, 0xff, 0xff, 0xff, 
	0xff, 0xff, 0xff, 0xff, 0xff, 0xff, 0xff, 0xff, 0xff, 0xff, 0xff, 0xff, 0xff, 0xff, 0xff, 0xff, 
	0xff, 0xff, 0xff, 0xff, 0xff, 0xff, 0xff, 0xff, 0xff, 0xff, 0xff, 0xff, 0xff, 0xff, 0xff, 0xff, 
	0xff, 0xff, 0xff, 0xff, 0xff, 0xff, 0xff, 0xff, 0xff, 0xff, 0xff, 0xff, 0xff, 0xff, 0xff, 0xff, 
	0xff, 0xff, 0xff, 0xff, 0xff, 0xff, 0xff, 0xff, 0xff, 0xff, 0xff, 0xff, 0xff, 0xff, 0xff, 0xff, 
	0xff, 0xff, 0xff, 0xff, 0xff, 0xff, 0xff, 0xff, 0xff, 0xff, 0xff, 0xff, 0xff, 0xff, 0xff, 0xff, 
	0xff, 0xff, 0xff, 0xff, 0xff, 0xff, 0xff, 0xff, 0xff, 0xff, 0xff, 0xff, 0xff, 0xff, 0xff, 0xff
};
// 'kelvin', 128x128px
const unsigned char epd_bitmap_kelvin [] PROGMEM = {
	0xff, 0xff, 0xff, 0xff, 0xff, 0xff, 0xff, 0xff, 0xff, 0xff, 0xff, 0xff, 0xff, 0xff, 0xff, 0xff, 
	0xff, 0xff, 0xff, 0xff, 0xff, 0xff, 0xff, 0xff, 0xff, 0xff, 0xff, 0xff, 0xff, 0xff, 0xff, 0xff, 
	0xff, 0xff, 0xff, 0xff, 0xff, 0xff, 0xff, 0xff, 0xff, 0xff, 0xff, 0xff, 0xff, 0xff, 0xff, 0xff, 
	0xff, 0xff, 0xff, 0xff, 0xff, 0xff, 0xff, 0xff, 0xff, 0xff, 0xff, 0xff, 0xff, 0xff, 0xff, 0xff, 
	0xff, 0xff, 0xff, 0xff, 0xff, 0xff, 0xff, 0xff, 0xff, 0xff, 0xff, 0xff, 0xff, 0xff, 0xff, 0xff, 
	0xff, 0xff, 0xff, 0xff, 0xff, 0xff, 0xff, 0xe7, 0xff, 0xff, 0xff, 0xff, 0xff, 0xff, 0xff, 0xff, 
	0xff, 0xff, 0xff, 0xff, 0xff, 0xff, 0xf9, 0xff, 0x0f, 0xff, 0xff, 0xff, 0xff, 0xff, 0xff, 0xff, 
	0xff, 0xff, 0xff, 0xff, 0xff, 0xff, 0xe7, 0xff, 0xf8, 0xff, 0xff, 0xff, 0xff, 0xff, 0xff, 0xff, 
	0xff, 0xff, 0xff, 0xff, 0xff, 0xff, 0x3f, 0xff, 0xff, 0x9f, 0xff, 0xff, 0xff, 0xff, 0xff, 0xff, 
	0xff, 0xff, 0xff, 0xff, 0xff, 0xfd, 0xff, 0xff, 0xff, 0xe7, 0xff, 0xff, 0xff, 0xff, 0xff, 0xff, 
	0xff, 0xff, 0xff, 0xff, 0xff, 0xf7, 0xff, 0xff, 0xff, 0xf9, 0xff, 0xff, 0xff, 0xff, 0xff, 0xff, 
	0xff, 0xff, 0xff, 0xff, 0xff, 0xdf, 0xff, 0xff, 0xff, 0xfc, 0xff, 0xff, 0xff, 0xff, 0xff, 0xff, 
	0xff, 0xff, 0xff, 0xff, 0xff, 0xbf, 0xff, 0xff, 0xff, 0xff, 0x7f, 0xff, 0xff, 0xff, 0xff, 0xff, 
	0xff, 0xff, 0xff, 0xff, 0xff, 0xff, 0xff, 0xff, 0xff, 0xff, 0xbf, 0xff, 0xff, 0xff, 0xff, 0xff, 
	0xff, 0xff, 0xff, 0xff, 0xfd, 0xff, 0xff, 0xff, 0xff, 0xff, 0x9f, 0xff, 0xff, 0xff, 0xff, 0xff, 
	0xff, 0xff, 0xff, 0xff, 0xf9, 0xff, 0xff, 0xff, 0xff, 0xff, 0xc7, 0xff, 0xff, 0xff, 0xff, 0xff, 
	0xff, 0xff, 0xff, 0xff, 0xfb, 0xff, 0xff, 0xff, 0xff, 0xff, 0xe3, 0xff, 0xff, 0xff, 0xff, 0xff, 
	0xff, 0xff, 0xff, 0xff, 0xe3, 0xff, 0xff, 0xff, 0xff, 0xff, 0xe1, 0xff, 0xff, 0xff, 0xff, 0xff, 
	0xff, 0xff, 0xff, 0xff, 0xc3, 0xff, 0xff, 0xff, 0xff, 0xff, 0xe0, 0xff, 0xff, 0xff, 0xff, 0xff, 
	0xff, 0xff, 0xff, 0xff, 0xc3, 0xff, 0xff, 0xff, 0xff, 0xff, 0xf0, 0x7f, 0xff, 0xff, 0xff, 0xff, 
	0xff, 0xff, 0xff, 0xff, 0x83, 0xff, 0xff, 0xff, 0xff, 0xff, 0xf8, 0x3f, 0xff, 0xff, 0xff, 0xff, 
	0xff, 0xff, 0xff, 0xff, 0x07, 0xff, 0xff, 0xff, 0xff, 0xff, 0xfc, 0x1f, 0xff, 0xff, 0xff, 0xff, 
	0xff, 0xff, 0xff, 0xfe, 0x07, 0xff, 0xff, 0xff, 0xff, 0xff, 0xfc, 0x0f, 0xff, 0xff, 0xff, 0xff, 
	0xff, 0xff, 0xff, 0xfe, 0x0f, 0xff, 0xff, 0xff, 0xff, 0xff, 0xfe, 0x07, 0xff, 0xff, 0xff, 0xff, 
	0xff, 0xff, 0xff, 0xfc, 0x0f, 0xff, 0xff, 0xff, 0xff, 0xff, 0xfc, 0x03, 0xff, 0xff, 0xff, 0xff, 
	0xff, 0xff, 0xff, 0xf8, 0x0f, 0xff, 0xff, 0xff, 0xff, 0xff, 0xfe, 0x01, 0xff, 0xff, 0xff, 0xff, 
	0xff, 0xff, 0xff, 0xf8, 0x0f, 0xff, 0xff, 0xff, 0xff, 0xff, 0xfe, 0x00, 0xff, 0xff, 0xff, 0xff, 
	0xff, 0xff, 0xff, 0xf0, 0x0f, 0xff, 0xff, 0xff, 0xff, 0xff, 0xfe, 0x00, 0x7f, 0xff, 0xff, 0xff, 
	0xff, 0xff, 0xff, 0xf0, 0x0f, 0xff, 0xff, 0xff, 0xff, 0xff, 0xfe, 0x00, 0x3f, 0xff, 0xff, 0xff, 
	0xff, 0xff, 0xff, 0xe0, 0x0f, 0xff, 0xff, 0xff, 0xff, 0xff, 0xff, 0x00, 0x3f, 0xff, 0xff, 0xff, 
	0xff, 0xff, 0xff, 0xe0, 0x0f, 0xff, 0xff, 0xff, 0xff, 0xff, 0xff, 0x00, 0x1f, 0xff, 0xff, 0xff, 
	0xff, 0xff, 0xff, 0xc0, 0x0f, 0xff, 0xff, 0xff, 0xff, 0xff, 0xff, 0x00, 0x1f, 0xff, 0xff, 0xff, 
	0xff, 0xff, 0xff, 0xc0, 0x0f, 0xff, 0xff, 0xff, 0xff, 0xff, 0xff, 0x80, 0x1f, 0xff, 0xff, 0xff, 
	0xff, 0xff, 0xff, 0x80, 0x0f, 0xff, 0xff, 0xff, 0xff, 0xff, 0xff, 0x80, 0x0f, 0xff, 0xff, 0xff, 
	0xff, 0xff, 0xff, 0x80, 0x0f, 0xff, 0xff, 0xff, 0xff, 0xff, 0xff, 0x80, 0x0f, 0xff, 0xff, 0xff, 
	0xff, 0xff, 0xff, 0x00, 0x0f, 0xff, 0xff, 0xff, 0xff, 0xff, 0xff, 0x80, 0x0f, 0xff, 0xff, 0xff, 
	0xff, 0xff, 0xff, 0x00, 0x0f, 0xff, 0xff, 0xff, 0xff, 0xff, 0xff, 0x80, 0x0f, 0xff, 0xff, 0xff, 
	0xff, 0xff, 0xff, 0x00, 0x0f, 0xff, 0xff, 0xff, 0xff, 0xff, 0xff, 0xc0, 0x07, 0xff, 0xff, 0xff, 
	0xff, 0xff, 0xff, 0x00, 0x1f, 0xff, 0xff, 0xff, 0xff, 0xff, 0xff, 0xc0, 0x07, 0xff, 0xff, 0xff, 
	0xff, 0xff, 0xff, 0x00, 0x0f, 0xff, 0xff, 0xff, 0xff, 0xff, 0xff, 0xc0, 0x07, 0xff, 0xff, 0xff, 
	0xff, 0xff, 0xff, 0x00, 0x0f, 0xff, 0xff, 0xff, 0xff, 0xff, 0xff, 0xe0, 0x07, 0xff, 0xff, 0xff, 
	0xff, 0xff, 0xff, 0x00, 0x0f, 0xff, 0xff, 0xff, 0xff, 0xff, 0xff, 0xe0, 0x07, 0xff, 0xff, 0xff, 
	0xff, 0xff, 0xff, 0x00, 0x0f, 0xff, 0xff, 0xff, 0xff, 0xff, 0xff, 0xf0, 0x07, 0xff, 0xff, 0xff, 
	0xff, 0xff, 0xff, 0x00, 0x07, 0xff, 0xff, 0xff, 0xff, 0xff, 0xff, 0xf0, 0x07, 0xff, 0xff, 0xff, 
	0xff, 0xff, 0xff, 0x00, 0x07, 0xff, 0xff, 0xff, 0xff, 0xff, 0xff, 0xf0, 0x07, 0xff, 0xff, 0xff, 
	0xff, 0xff, 0xff, 0x00, 0x07, 0xff, 0xff, 0xff, 0xff, 0xff, 0xff, 0xf8, 0x07, 0xff, 0xff, 0xff, 
	0xff, 0xff, 0xff, 0x00, 0x07, 0xff, 0xff, 0xff, 0xff, 0xff, 0xff, 0xf8, 0x0f, 0xff, 0xff, 0xff, 
	0xff, 0xff, 0xff, 0x00, 0x07, 0xff, 0xff, 0xff, 0xff, 0xff, 0xff, 0xfc, 0x0f, 0xff, 0xff, 0xff, 
	0xff, 0xff, 0xff, 0x00, 0x07, 0xff, 0xff, 0xff, 0xff, 0xff, 0xff, 0xfc, 0x0f, 0xff, 0xff, 0xff, 
	0xff, 0xff, 0xff, 0x80, 0x0f, 0xff, 0xff, 0xff, 0xff, 0xff, 0xff, 0xfc, 0x0f, 0xff, 0xff, 0xff, 
	0xff, 0xff, 0xff, 0x80, 0x0f, 0xff, 0xff, 0xff, 0xff, 0xff, 0x83, 0xfc, 0x1f, 0xff, 0xff, 0xff, 
	0xff, 0xff, 0xff, 0xc0, 0x0f, 0xff, 0xff, 0xff, 0xff, 0xf8, 0x00, 0xfc, 0x1f, 0xff, 0xff, 0xff, 
	0xff, 0xff, 0xff, 0xc0, 0x0f, 0xff, 0xff, 0xff, 0xff, 0xe0, 0x00, 0x7e, 0x1f, 0xff, 0xff, 0xff, 
	0xff, 0xff, 0xff, 0xe0, 0x0f, 0xfe, 0x3b, 0xff, 0xff, 0x80, 0x38, 0xfe, 0x0f, 0xff, 0xff, 0xff, 
	0xff, 0xff, 0xff, 0xe0, 0x0f, 0xe0, 0x00, 0x1f, 0xf8, 0x07, 0xff, 0xfe, 0x0f, 0xff, 0xff, 0xff, 
	0xff, 0xff, 0xff, 0xe0, 0x0f, 0x80, 0x00, 0x07, 0xf0, 0x30, 0x07, 0xfe, 0x0f, 0xff, 0xff, 0xff, 
	0xff, 0xff, 0xff, 0xf0, 0x1f, 0x0f, 0xf0, 0x03, 0xf0, 0x10, 0x33, 0xff, 0x1f, 0xff, 0xff, 0xff, 
	0xff, 0xff, 0xff, 0xf2, 0x0f, 0x7f, 0xfe, 0x87, 0xf0, 0x3c, 0xf3, 0xfe, 0x1f, 0xff, 0xff, 0xff, 
	0xff, 0xff, 0xff, 0xf0, 0x0f, 0xf8, 0x03, 0x07, 0xf0, 0x3f, 0xff, 0xfe, 0x1f, 0xff, 0xff, 0xff, 
	0xff, 0xff, 0xff, 0xf6, 0x6f, 0xf0, 0xc7, 0x0f, 0xf9, 0xff, 0xff, 0xfe, 0x1f, 0xff, 0xff, 0xff, 
	0xff, 0xff, 0xff, 0xf6, 0x6f, 0xff, 0xff, 0xff, 0xf9, 0xff, 0xff, 0xfe, 0x1f, 0xff, 0xff, 0xff, 
	0xff, 0xff, 0xff, 0xf2, 0x7f, 0xff, 0xff, 0xff, 0xfb, 0xff, 0xff, 0xfe, 0x3f, 0xff, 0xff, 0xff, 
	0xff, 0xff, 0xff, 0xf9, 0xff, 0xff, 0xff, 0xff, 0xfb, 0xff, 0xff, 0xfe, 0x3f, 0xff, 0xff, 0xff, 
	0xff, 0xff, 0xff, 0xf9, 0xff, 0xff, 0xff, 0xff, 0xfb, 0xff, 0xff, 0xfe, 0x3f, 0xff, 0xff, 0xff, 
	0xff, 0xff, 0xff, 0xfd, 0xff, 0xff, 0xff, 0xff, 0xfb, 0xff, 0xff, 0xfe, 0x3f, 0xff, 0xff, 0xff, 
	0xff, 0xff, 0xff, 0xfd, 0xff, 0xff, 0xff, 0xff, 0xfb, 0xff, 0xff, 0xfe, 0x3f, 0xff, 0xff, 0xff, 
	0xff, 0xff, 0xff, 0xff, 0xff, 0xff, 0xff, 0xff, 0xff, 0xff, 0xff, 0xfc, 0x7f, 0xff, 0xff, 0xff, 
	0xff, 0xff, 0xff, 0xff, 0xff, 0xff, 0xff, 0xff, 0xfd, 0xff, 0xff, 0xfc, 0x7f, 0xff, 0xff, 0xff, 
	0xff, 0xff, 0xff, 0xff, 0xff, 0xff, 0xff, 0xff, 0xfd, 0xff, 0xff, 0xfc, 0x7f, 0xff, 0xff, 0xff, 
	0xff, 0xff, 0xff, 0xff, 0x3f, 0xff, 0xff, 0xff, 0xfd, 0xff, 0xff, 0xfc, 0x7f, 0xff, 0xff, 0xff, 
	0xff, 0xff, 0xff, 0xff, 0xbf, 0xff, 0xff, 0xff, 0xfc, 0xbf, 0xff, 0xf8, 0x7f, 0xff, 0xff, 0xff, 
	0xff, 0xff, 0xff, 0xff, 0xcf, 0xff, 0xff, 0xff, 0xfe, 0x5f, 0xff, 0xf8, 0x7f, 0xff, 0xff, 0xff, 
	0xff, 0xff, 0xff, 0xff, 0xef, 0xff, 0xff, 0xdf, 0xfe, 0x6f, 0xff, 0xf8, 0x7f, 0xff, 0xff, 0xff, 
	0xff, 0xff, 0xff, 0xff, 0xef, 0xff, 0xff, 0xdf, 0xfe, 0x4f, 0xff, 0xf0, 0x7f, 0xff, 0xff, 0xff, 
	0xff, 0xff, 0xff, 0xff, 0xef, 0xff, 0xff, 0xdf, 0xfe, 0x0f, 0xff, 0xf0, 0x7f, 0xff, 0xff, 0xff, 
	0xff, 0xff, 0xff, 0xff, 0xe7, 0xff, 0xff, 0x9f, 0xfe, 0x0e, 0x3f, 0xf0, 0x7f, 0xff, 0xff, 0xff, 
	0xff, 0xff, 0xff, 0xff, 0xe7, 0xff, 0xff, 0xff, 0xfc, 0x0f, 0x83, 0xf8, 0x7f, 0xff, 0xff, 0xff, 
	0xff, 0xff, 0xff, 0xff, 0xe7, 0xff, 0xff, 0xec, 0xf8, 0x1f, 0xe3, 0xf8, 0x7f, 0xff, 0xff, 0xff, 
	0xff, 0xff, 0xff, 0xff, 0xe7, 0xff, 0xff, 0xf8, 0x20, 0xff, 0xc7, 0xf8, 0x7f, 0xff, 0xff, 0xff, 
	0xff, 0xff, 0xff, 0xff, 0xe7, 0xff, 0xff, 0xff, 0x03, 0xfc, 0x1f, 0xf0, 0x7f, 0xff, 0xff, 0xff, 
	0xff, 0xff, 0xff, 0xff, 0xe7, 0xff, 0xff, 0xff, 0xff, 0xf0, 0x7f, 0xf0, 0x7f, 0xff, 0xff, 0xff, 
	0xff, 0xff, 0xff, 0xff, 0xe7, 0xff, 0xff, 0xff, 0xff, 0xf0, 0xff, 0xf0, 0xff, 0xff, 0xff, 0xff, 
	0xff, 0xff, 0xff, 0xff, 0xe7, 0xff, 0xff, 0xff, 0xff, 0xe0, 0xff, 0xf0, 0xff, 0xff, 0xff, 0xff, 
	0xff, 0xff, 0xff, 0xff, 0xe7, 0xff, 0xff, 0x8f, 0xff, 0x00, 0xff, 0xe0, 0xff, 0xff, 0xff, 0xff, 
	0xff, 0xff, 0xff, 0xff, 0xe7, 0xff, 0xfc, 0x00, 0x00, 0x01, 0xff, 0xe0, 0xff, 0xff, 0xff, 0xff, 
	0xff, 0xff, 0xff, 0xff, 0xe7, 0xff, 0xfd, 0xf0, 0xc1, 0xc1, 0xff, 0xe0, 0xff, 0xff, 0xff, 0xff, 
	0xff, 0xff, 0xff, 0xff, 0xe3, 0xff, 0xff, 0xff, 0xff, 0x83, 0xff, 0xf1, 0xff, 0xff, 0xff, 0xff, 
	0xff, 0xff, 0xff, 0xff, 0xf3, 0xff, 0xff, 0xff, 0xfc, 0x07, 0xff, 0xf1, 0xff, 0xff, 0xff, 0xff, 
	0xff, 0xff, 0xff, 0xff, 0xf1, 0xff, 0xff, 0xff, 0xc0, 0x0f, 0xff, 0xf1, 0xff, 0xff, 0xff, 0xff, 
	0xff, 0xff, 0xff, 0xff, 0xf1, 0xff, 0xff, 0xff, 0x03, 0xff, 0xdf, 0xe1, 0xff, 0xff, 0xff, 0xff, 
	0xff, 0xff, 0xff, 0xff, 0xf1, 0xff, 0xff, 0xff, 0xff, 0xff, 0xdf, 0xe3, 0xff, 0xff, 0xff, 0xff, 
	0xff, 0xff, 0xff, 0xff, 0xf8, 0xff, 0xff, 0xff, 0xff, 0xff, 0x9f, 0xc3, 0xff, 0xff, 0xff, 0xff, 
	0xff, 0xff, 0xff, 0xff, 0xf8, 0xff, 0xff, 0xff, 0xff, 0xff, 0x1f, 0xc3, 0xff, 0xff, 0xff, 0xff, 
	0xff, 0xff, 0xff, 0xff, 0xfc, 0x7f, 0xff, 0xff, 0xff, 0xff, 0x1f, 0x87, 0xff, 0xff, 0xff, 0xff, 
	0xff, 0xff, 0xff, 0xff, 0xfc, 0x3f, 0xff, 0xff, 0xff, 0xfe, 0x1f, 0x87, 0xff, 0xff, 0xff, 0xff, 
	0xff, 0xff, 0xff, 0xff, 0xfe, 0x1f, 0xff, 0xff, 0xff, 0xfc, 0x1f, 0x0f, 0xff, 0xff, 0xff, 0xff, 
	0xff, 0xff, 0xff, 0xff, 0xff, 0x0f, 0xff, 0xff, 0xff, 0xfc, 0x3f, 0x1f, 0xff, 0xff, 0xff, 0xff, 
	0xff, 0xff, 0xff, 0xff, 0xff, 0x87, 0xfc, 0xff, 0xff, 0xf8, 0x3e, 0x3f, 0xff, 0xff, 0xff, 0xff, 
	0xff, 0xff, 0xff, 0xff, 0xff, 0xc3, 0xfe, 0x3f, 0xff, 0xf0, 0x7c, 0x7f, 0xff, 0xff, 0xff, 0xff, 
	0xff, 0xff, 0xff, 0xff, 0xff, 0xe1, 0xff, 0x1f, 0xff, 0x80, 0x78, 0x7f, 0xff, 0xff, 0xff, 0xff, 
	0xff, 0xff, 0xff, 0xff, 0xff, 0xf0, 0xff, 0xc3, 0xf8, 0x01, 0xf0, 0xff, 0xff, 0xff, 0xff, 0xff, 
	0xff, 0xff, 0xff, 0xff, 0xff, 0xf8, 0x7f, 0xe0, 0x00, 0x03, 0xe1, 0xff, 0xff, 0xff, 0xff, 0xff, 
	0xff, 0xff, 0xff, 0xff, 0xff, 0xfe, 0x3f, 0xf8, 0x00, 0x1f, 0x83, 0xff, 0xff, 0xff, 0xff, 0xff, 
	0xff, 0xff, 0xff, 0xff, 0xff, 0xff, 0x0f, 0xff, 0x07, 0xfe, 0x0f, 0xff, 0xff, 0xff, 0xff, 0xff, 
	0xff, 0xff, 0xff, 0xff, 0xff, 0xff, 0x87, 0xff, 0xff, 0xf0, 0x1f, 0xff, 0xff, 0xff, 0xff, 0xff, 
	0xff, 0xff, 0xff, 0xff, 0xff, 0xff, 0xe0, 0xff, 0xff, 0x80, 0x3f, 0xff, 0xff, 0xff, 0xff, 0xff, 
	0xff, 0xff, 0xff, 0xff, 0xff, 0xff, 0xf8, 0x03, 0xfc, 0x00, 0xff, 0xff, 0xff, 0xff, 0xff, 0xff, 
	0xff, 0xff, 0xff, 0xff, 0xff, 0xff, 0xfe, 0x00, 0x00, 0x03, 0xff, 0xff, 0xff, 0xff, 0xff, 0xff, 
	0xff, 0xff, 0xff, 0xff, 0xff, 0xff, 0xff, 0x80, 0x00, 0x0f, 0xff, 0xff, 0xff, 0xff, 0xff, 0xff, 
	0xff, 0xff, 0xff, 0xff, 0xff, 0xff, 0xff, 0xf8, 0x00, 0x7f, 0xff, 0xff, 0xff, 0xff, 0xff, 0xff, 
	0xff, 0xff, 0xff, 0xff, 0xff, 0xff, 0xff, 0xff, 0xff, 0xff, 0xff, 0xff, 0xff, 0xff, 0xff, 0xff, 
	0xff, 0xff, 0xff, 0xff, 0xff, 0xff, 0xff, 0xff, 0xff, 0xff, 0xff, 0xff, 0xff, 0xff, 0xff, 0xff, 
	0xff, 0xff, 0xff, 0xff, 0xff, 0xff, 0xff, 0xff, 0xff, 0xff, 0xff, 0xff, 0xff, 0xff, 0xff, 0xff, 
	0xff, 0xff, 0xff, 0xff, 0xff, 0xff, 0xff, 0xff, 0xff, 0xff, 0xff, 0xff, 0xff, 0xff, 0xff, 0xff, 
	0xff, 0xff, 0xff, 0xff, 0xff, 0xff, 0xff, 0xff, 0xff, 0xff, 0xff, 0xff, 0xff, 0xff, 0xff, 0xff, 
	0xff, 0xff, 0xff, 0xff, 0xff, 0xff, 0xff, 0xff, 0xff, 0xff, 0xff, 0xff, 0xff, 0xff, 0xff, 0xff, 
	0xff, 0xff, 0xff, 0xff, 0xff, 0xff, 0xff, 0xff, 0xff, 0xff, 0xff, 0xff, 0xff, 0xff, 0xff, 0xff, 
	0xff, 0xff, 0xff, 0xff, 0xff, 0xff, 0xff, 0xff, 0xff, 0xff, 0xff, 0xff, 0xff, 0xff, 0xff, 0xff, 
	0xff, 0xff, 0xff, 0xff, 0xff, 0xff, 0xff, 0xff, 0xff, 0xff, 0xff, 0xff, 0xff, 0xff, 0xff, 0xff, 
	0xff, 0xff, 0xff, 0xff, 0xff, 0xff, 0xff, 0xff, 0xff, 0xff, 0xff, 0xff, 0xff, 0xff, 0xff, 0xff, 
	0xff, 0xff, 0xff, 0xff, 0xff, 0xff, 0xff, 0xff, 0xff, 0xff, 0xff, 0xff, 0xff, 0xff, 0xff, 0xff, 
	0xff, 0xff, 0xff, 0xff, 0xff, 0xff, 0xff, 0xff, 0xff, 0xff, 0xff, 0xff, 0xff, 0xff, 0xff, 0xff, 
	0xff, 0xff, 0xff, 0xff, 0xff, 0xff, 0xff, 0xff, 0xff, 0xff, 0xff, 0xff, 0xff, 0xff, 0xff, 0xff, 
	0xff, 0xff, 0xff, 0xff, 0xff, 0xff, 0xff, 0xff, 0xff, 0xff, 0xff, 0xff, 0xff, 0xff, 0xff, 0xff, 
	0xff, 0xff, 0xff, 0xff, 0xff, 0xff, 0xff, 0xff, 0xff, 0xff, 0xff, 0xff, 0xff, 0xff, 0xff, 0xff, 
	0xff, 0xff, 0xff, 0xff, 0xff, 0xff, 0xff, 0xff, 0xff, 0xff, 0xff, 0xff, 0xff, 0xff, 0xff, 0xff, 
	0xff, 0xff, 0xff, 0xff, 0xff, 0xff, 0xff, 0xff, 0xff, 0xff, 0xff, 0xff, 0xff, 0xff, 0xff, 0xff, 
	0xff, 0xff, 0xff, 0xff, 0xff, 0xff, 0xff, 0xff, 0xff, 0xff, 0xff, 0xff, 0xff, 0xff, 0xff, 0xff
};

// Array of all bitmaps for convenience. (Total bytes used to store images in PROGMEM = 20640)
const int epd_bitmap_allArray_LEN = 10;
const unsigned char* epd_bitmap_allArray[10] = {
	epd_bitmap_andy,
	epd_bitmap_angela,
	epd_bitmap_creed,
	epd_bitmap_dwight,
	epd_bitmap_jim,
	epd_bitmap_kelly,
	epd_bitmap_kelvin,
	epd_bitmap_michael,
	epd_bitmap_pam,
	epd_bitmap_stanley
};
